Pos,ID,Name,BV,SV,Team,1_xMins,1_Pts,2_xMins,2_Pts,3_xMins,3_Pts,4_xMins,4_Pts,5_xMins,5_Pts,6_xMins,6_Pts,7_xMins,7_Pts,8_xMins,8_Pts,9_xMins,9_Pts,10_xMins,10_Pts,11_xMins,11_Pts,12_xMins,12_Pts,Elite%
F,1,Balogun,4.5,4.5,Arsenal,3,0.25,2,0.15,2,0.20,2,0.16,3,0.21,3,0.18,3,0.20,3,0.20,4,0.23,4,0.34,5,0.26,4,0.27,0.01
D,2,Cédric,4.0,4.0,Arsenal,0,0.00,0,0.00,0,0.00,0,0.00,0,0.00,0,0.00,0,0.00,0,0.00,0,0.00,0,0.00,0,0.00,0,0.00,0.00
M,3,M.Elneny,4.5,4.5,Arsenal,0,0.00,0,0.00,0,0.00,0,0.00,0,0.00,0,0.00,0,0.00,0,0.00,0,0.00,0,0.00,0,0.00,1,0.05,0.00
M,4,Fábio Vieira,5.5,5.5,Arsenal,9,0.63,7,0.49,6,0.50,8,0.52,10,0.59,11,0.68,11,0.67,10,0.55,12,0.63,12,0.77,12,0.61,11,0.69,0.00
D,5,Gabriel,5.0,5.0,Arsenal,89,4.21,85,3.32,84,3.78,81,2.73,81,3.34,80,2.91,79,3.24,80,2.11,77,2.24,77,4.03,78,2.20,79,3.79,0.21
M,6,Havertz,7.5,7.5,Arsenal,57,4.14,53,3.23,50,3.79,49,2.92,52,3.16,52,3.27,52,3.31,50,2.53,50,2.61,52,3.98,50,2.58,53,3.78,0.05
D,7,Holding,4.5,4.5,Arsenal,0,0.00,0,0.00,0,0.00,0,0.00,0,0.00,0,0.00,0,0.00,0,0.00,0,0.00,0,0.00,0,0.00,0,0.00,0.00
F,8,G.Jesus,8.0,8.0,Arsenal,25,1.60,58,3.09,77,5.07,78,4.05,77,4.00,76,4.17,75,4.06,74,3.28,73,3.32,73,4.68,72,3.22,73,4.36,0.31
M,9,Jorginho,5.5,5.5,Arsenal,13,0.60,15,0.62,12,0.57,15,0.62,15,0.64,17,0.68,17,0.70,18,0.68,20,0.74,19,0.88,19,0.69,19,0.85,0.00
D,10,Kiwior,4.5,4.5,Arsenal,13,0.52,13,0.47,13,0.51,13,0.44,15,0.57,16,0.57,17,0.69,16,0.45,17,0.54,18,0.86,18,0.56,18,0.84,0.00
M,11,Marquinhos,4.5,4.5,Arsenal,0,0.00,0,0.00,0,0.00,0,0.00,0,0.00,0,0.00,0,0.00,0,0.00,0,0.00,0,0.00,0,0.00,0,0.00,0.00
M,12,Martinelli,8.0,8.0,Arsenal,73,5.22,69,4.32,67,4.94,65,3.98,63,3.98,63,4.06,63,4.06,62,3.21,61,3.28,61,4.71,62,3.26,59,4.14,0.13
F,13,Nketiah,5.5,5.5,Arsenal,20,1.45,13,0.85,10,0.80,11,0.69,11,0.72,11,0.75,11,0.74,14,0.75,14,0.78,13,0.96,13,0.71,12,0.85,0.01
M,14,Ødegaard,8.5,8.5,Arsenal,84,5.41,84,4.54,81,5.38,80,4.21,81,4.39,79,4.37,79,4.48,79,3.48,79,3.61,78,5.25,79,3.54,78,4.92,0.20
M,15,Thomas,5.0,5.0,Arsenal,66,2.51,61,2.07,63,2.39,59,1.92,59,1.99,56,1.90,57,1.98,57,1.67,55,1.68,57,2.24,57,1.69,56,2.12,0.00
M,16,Pepe,5.0,5.0,Arsenal,0,0.00,0,0.00,0,0.00,0,0.00,0,0.00,0,0.00,0,0.00,0,0.00,0,0.00,0,0.00,0,0.00,0,0.00,0.00
G,17,Ramsdale,5.0,5.0,Arsenal,91,4.07,89,3.66,86,3.74,86,3.32,84,3.56,82,3.25,81,3.40,82,2.97,81,3.00,81,3.90,81,2.99,79,3.62,0.22
G,18,Rúnarsson,4.0,4.0,Arsenal,0,0.00,0,0.00,0,0.00,0,0.00,0,0.00,0,0.00,0,0.00,0,0.00,0,0.00,0,0.00,0,0.00,0,0.00,0.00
M,19,Saka,8.5,8.5,Arsenal,87,6.61,85,5.35,82,6.43,81,4.89,79,4.94,78,5.02,78,5.00,78,3.91,77,4.05,78,6.14,78,3.97,77,5.63,0.55
D,20,Saliba,5.0,5.0,Arsenal,90,4.05,87,3.26,85,3.58,83,2.66,81,3.21,80,2.75,79,3.10,79,2.00,80,2.23,79,3.92,79,2.14,79,3.60,0.15
M,21,Sambi,5.0,5.0,Arsenal,0,0.00,0,0.00,0,0.00,0,0.00,0,0.00,0,0.00,0,0.00,0,0.00,0,0.00,1,0.07,0,0.00,0,0.00,0.00
M,22,Smith Rowe,5.5,5.5,Arsenal,11,0.78,11,0.74,10,0.78,12,0.76,13,0.85,14,0.93,15,0.97,14,0.78,14,0.82,14,1.04,15,0.86,15,1.08,0.00
D,23,Tavares,4.0,4.0,Arsenal,0,0.00,0,0.00,0,0.00,0,0.00,1,0.05,1,0.06,1,0.06,2,0.06,2,0.07,2,0.11,2,0.07,2,0.09,0.00
D,24,Tierney,4.5,4.5,Arsenal,11,0.59,8,0.35,5,0.26,7,0.28,6,0.28,5,0.23,6,0.29,6,0.21,7,0.26,6,0.34,7,0.25,7,0.34,0.00
D,25,Tomiyasu,4.5,4.5,Arsenal,17,0.87,14,0.64,13,0.64,15,0.59,18,0.82,17,0.72,19,0.89,18,0.64,19,0.70,20,1.08,19,0.70,19,1.00,0.00
M,26,Trossard,7.0,7.0,Arsenal,57,4.23,48,3.06,46,3.53,45,2.75,42,2.74,43,2.85,43,2.83,43,2.34,43,2.40,45,3.49,43,2.36,46,3.35,0.04
D,27,Trusty,4.0,4.0,Arsenal,0,0.00,0,0.00,0,0.00,0,0.00,0,0.00,0,0.00,0,0.00,0,0.00,0,0.00,0,0.00,0,0.00,0,0.00,0.00
G,28,Turner,4.0,4.0,Arsenal,0,0.00,2,0.07,2,0.09,2,0.08,3,0.12,2,0.08,2,0.09,3,0.10,2,0.09,3,0.14,3,0.12,4,0.17,0.01
D,29,White,5.5,5.5,Arsenal,79,4.11,73,3.22,71,3.60,70,2.68,68,3.14,68,2.82,68,3.13,65,2.00,66,2.21,65,3.77,68,2.19,67,3.55,0.10
M,30,Xhaka,6.0,6.0,Arsenal,0,0.00,0,0.00,0,0.00,0,0.00,0,0.00,0,0.00,0,0.00,0,0.00,0,0.00,0,0.00,0,0.00,0,0.00,0.00
D,31,Zinchenko,5.0,5.0,Arsenal,22,1.22,53,2.49,69,3.69,68,2.79,67,3.30,69,3.02,64,3.14,68,2.19,67,2.38,66,4.04,66,2.25,65,3.69,0.11
D,32,Alex Moreno,5.0,5.0,Aston Villa,0,0.00,0,0.00,0,0.00,14,0.39,53,2.85,63,2.04,62,2.81,62,2.94,63,3.10,60,3.89,62,2.94,59,3.13,0.00
F,33,Archer,4.5,4.5,Aston Villa,3,0.25,5,0.39,5,0.41,6,0.41,7,0.53,7,0.44,6,0.44,6,0.40,6,0.44,7,0.57,6,0.47,6,0.47,0.08
M,34,Bailey,5.5,5.5,Aston Villa,46,2.12,46,2.80,44,2.38,44,1.97,41,2.57,41,1.94,39,2.27,39,2.10,37,2.22,37,2.53,39,2.21,38,2.55,0.01
M,35,Buendia,6.0,6.0,Aston Villa,63,2.61,60,3.41,62,3.12,59,2.43,58,3.29,56,2.42,57,3.02,57,2.84,54,3.05,56,3.57,54,2.85,56,3.41,0.01
D,36,Cash,4.5,4.5,Aston Villa,85,2.14,82,3.95,81,3.25,76,1.69,75,3.44,76,2.03,74,2.76,74,2.97,73,3.05,72,3.96,73,2.93,73,3.25,0.05
D,37,Chambers,4.0,4.0,Aston Villa,9,0.28,12,0.54,13,0.53,15,0.42,12,0.54,11,0.34,12,0.47,13,0.53,12,0.50,12,0.61,12,0.50,11,0.51,0.01
M,38,Coutinho,6.0,6.0,Aston Villa,16,0.86,19,1.29,20,1.21,21,1.06,20,1.37,18,0.96,14,0.92,16,0.94,16,1.03,15,1.10,15,0.97,15,1.09,0.01
F,39,Davis,5.0,5.0,Aston Villa,0,0.00,0,0.00,0,0.00,0,0.00,1,0.10,0,0.00,0,0.00,1,0.09,0,0.00,0,0.00,0,0.00,1,0.10,0.00
M,40,Dendoncker,5.0,5.0,Aston Villa,9,0.34,12,0.53,14,0.57,15,0.56,11,0.49,10,0.40,9,0.40,10,0.40,10,0.44,10,0.46,10,0.43,10,0.45,0.00
D,41,Diego Carlos,4.5,4.5,Aston Villa,66,1.59,64,2.86,58,2.21,58,1.22,54,2.31,54,1.40,55,1.95,57,2.16,57,2.23,54,2.79,54,2.04,54,2.26,0.01
D,42,Digne,4.5,4.5,Aston Villa,85,2.43,82,4.30,79,3.56,67,1.86,39,2.07,32,1.14,33,1.52,32,1.53,32,1.56,35,2.15,32,1.51,36,1.90,0.01
M,43,Douglas Luiz,5.5,5.5,Aston Villa,69,2.22,68,2.88,68,2.54,67,2.13,67,2.84,66,2.19,65,2.54,64,2.39,63,2.56,63,3.00,64,2.47,64,2.85,0.03
F,44,Duran,5.0,5.0,Aston Villa,4,0.24,6,0.40,6,0.37,7,0.37,7,0.50,6,0.36,6,0.42,6,0.37,6,0.41,7,0.50,7,0.43,6,0.45,0.00
D,45,Hause,4.0,4.0,Aston Villa,0,0.00,0,0.00,0,0.00,0,0.00,0,0.00,0,0.00,0,0.00,0,0.00,0,0.00,0,0.00,0,0.00,0,0.00,0.00
M,46,Iroegbunam,4.5,4.5,Aston Villa,0,0.00,0,0.00,0,0.00,0,0.00,0,0.00,0,0.00,0,0.00,0,0.00,0,0.00,0,0.00,0,0.00,0,0.00,0.00
M,47,Kamara,5.0,5.0,Aston Villa,61,1.64,61,1.95,61,1.80,59,1.53,57,1.81,57,1.54,57,1.69,55,1.64,55,1.69,55,1.87,56,1.67,56,1.79,0.00
D,48,Konsa,4.5,4.5,Aston Villa,29,0.75,30,1.40,31,1.22,31,0.71,32,1.41,31,0.84,31,1.13,33,1.30,33,1.32,32,1.69,32,1.28,32,1.37,0.01
G,49,Martinez,5.0,5.0,Aston Villa,94,3.25,93,4.09,92,3.81,91,3.07,92,3.93,92,3.26,91,3.56,91,3.75,91,3.71,90,4.29,90,3.66,89,3.72,0.08
M,50,McGinn,5.5,5.5,Aston Villa,62,1.83,61,2.31,63,2.15,65,1.88,61,2.32,57,1.72,56,1.98,53,1.80,55,2.04,53,2.22,54,1.90,54,2.12,0.00
D,51,Mings,4.5,4.5,Aston Villa,52,1.23,46,2.06,42,1.58,41,0.86,41,1.78,40,1.02,40,1.41,37,1.40,38,1.49,39,2.02,41,1.55,42,1.76,0.15
M,52,Nakamba,4.5,4.5,Luton,80,1.82,0,0.00,76,1.67,74,1.80,73,2.09,74,1.88,72,2.44,73,1.69,71,1.71,71,1.59,71,1.58,70,1.53,0.01
G,53,Olsen,4.0,4.0,Aston Villa,1,0.05,2,0.09,2,0.10,4,0.15,3,0.13,3,0.11,4,0.15,4,0.16,4,0.18,5,0.21,5,0.19,5,0.22,0.01
M,54,Philogene,4.5,4.5,Aston Villa,0,0.00,0,0.00,0,0.00,0,0.00,0,0.00,0,0.00,0,0.00,0,0.00,0,0.00,0,0.00,0,0.00,0,0.00,0.00
M,55,J.Ramsey,6.0,6.0,Aston Villa,0,0.00,0,0.00,0,0.00,0,0.00,8,0.41,23,0.90,40,1.74,46,1.90,47,2.12,47,2.42,47,2.01,46,2.25,0.01
M,56,Sanson,4.5,4.5,Aston Villa,0,0.00,0,0.00,0,0.00,0,0.00,0,0.00,0,0.00,0,0.00,0,0.00,0,0.00,0,0.00,0,0.00,0,0.00,0.00
G,57,Sinisalo,4.0,4.0,Aston Villa,0,0.00,0,0.00,0,0.00,0,0.00,0,0.00,0,0.00,0,0.00,0,0.00,0,0.00,0,0.00,0,0.00,0,0.00,0.00
M,58,Tielemans,6.0,6.0,Aston Villa,67,2.29,66,2.97,64,2.60,64,2.17,65,2.93,65,2.30,62,2.63,61,2.47,60,2.67,62,3.15,61,2.56,61,2.93,0.01
M,59,Bertrand Traoré,5.0,5.0,Aston Villa,8,0.46,11,0.74,12,0.68,12,0.61,12,0.78,11,0.58,9,0.58,8,0.51,9,0.62,8,0.60,8,0.54,9,0.63,0.00
F,60,Watkins,8.0,8.0,Aston Villa,89,3.92,86,5.33,84,4.56,83,3.62,81,5.11,81,3.68,81,4.74,81,4.23,82,4.95,81,5.58,80,4.50,81,5.45,0.14
F,61,Wesley,5.0,5.0,Aston Villa,0,0.00,0,0.00,0,0.00,0,0.00,0,0.00,0,0.00,0,0.00,0,0.00,0,0.00,0,0.00,0,0.00,0,0.00,0.00
M,62,Anthony,5.0,5.0,Bournemouth,29,1.51,29,1.24,25,1.22,27,1.27,26,1.25,27,1.22,28,1.27,28,1.35,28,1.45,29,1.53,29,1.15,30,1.36,0.00
M,63,Billing,5.5,5.5,Bournemouth,82,2.96,82,2.34,79,2.67,76,2.50,77,2.54,76,2.39,74,2.37,75,2.53,74,2.77,73,2.77,74,2.01,73,2.40,0.01
M,64,Brooks,5.0,5.0,Bournemouth,3,0.22,4,0.26,3,0.24,3,0.23,4,0.28,5,0.29,5,0.32,5,0.35,6,0.38,5,0.37,6,0.33,6,0.35,0.00
M,65,Christie,5.0,5.0,Bournemouth,43,1.99,40,1.55,38,1.70,39,1.65,40,1.72,36,1.52,39,1.62,40,1.73,38,1.86,38,1.89,38,1.38,39,1.66,0.00
M,66,L.Cook,5.0,5.0,Bournemouth,73,2.24,71,1.86,69,2.00,66,1.90,64,1.86,64,1.80,64,1.81,61,1.85,62,1.99,62,2.02,61,1.55,62,1.79,0.00
M,67,Siriki,4.5,4.5,Bournemouth,0,0.00,0,0.00,0,0.00,0,0.00,0,0.00,0,0.00,0,0.00,0,0.00,0,0.00,0,0.00,0,0.00,0,0.00,0.00
D,68,Fredericks,4.5,4.5,Bournemouth,31,1.11,29,0.63,32,0.98,31,0.94,31,0.97,32,0.88,34,0.90,34,1.19,33,1.37,34,1.39,33,0.55,33,0.99,0.00
D,69,Hill,4.0,4.0,Bournemouth,3,0.10,2,0.06,3,0.09,3,0.10,3,0.11,5,0.14,5,0.14,6,0.19,6,0.22,5,0.19,7,0.11,6,0.17,0.00
D,70,Kelly,4.5,4.5,Bournemouth,42,1.29,69,1.00,73,1.83,73,1.81,73,1.85,73,1.53,71,1.48,71,2.16,72,2.68,71,2.64,71,0.75,71,1.75,0.00
M,71,Kilkenny,4.5,4.5,Bournemouth,3,0.16,4,0.16,4,0.18,5,0.24,6,0.25,7,0.29,8,0.31,8,0.33,9,0.36,8,0.34,8,0.32,9,0.35,0.00
M,72,Kluivert,5.0,5.0,Bournemouth,56,2.94,54,2.17,51,2.45,51,2.34,50,2.33,51,2.28,51,2.28,49,2.38,49,2.67,49,2.69,48,1.78,48,2.23,0.01
M,73,Lowe,5.0,5.0,Bournemouth,0,0.00,0,0.00,0,0.00,0,0.00,0,0.00,0,0.00,0,0.00,0,0.00,0,0.00,0,0.00,0,0.00,0,0.00,0.00
M,74,Marcondes,4.5,4.5,Bournemouth,5,0.26,5,0.23,5,0.25,7,0.32,8,0.36,8,0.37,8,0.38,9,0.41,9,0.44,10,0.49,8,0.33,8,0.36,0.00
D,75,Mepham,4.5,4.5,Bournemouth,68,2.05,66,0.91,62,1.52,64,1.53,61,1.50,60,1.22,60,1.21,61,1.77,59,2.16,59,2.13,60,0.59,57,1.36,0.00
F,76,Moore,5.0,5.0,Bournemouth,12,0.68,14,0.66,15,0.81,16,0.83,18,0.90,18,0.90,18,0.91,20,1.01,18,1.04,18,1.06,17,0.73,19,0.95,0.01
G,77,Neto,4.5,4.5,Bournemouth,94,3.50,93,3.00,92,3.19,92,3.17,91,3.20,91,3.03,91,3.03,92,3.42,91,3.72,92,3.74,91,2.93,92,3.18,0.01
M,78,O.Dango,5.0,5.0,Bournemouth,42,2.11,41,1.64,42,1.92,40,1.78,40,1.80,41,1.77,37,1.64,37,1.73,39,2.00,39,2.04,40,1.48,39,1.72,0.00
M,79,Pearson,4.5,4.5,Bournemouth,0,0.00,0,0.00,0,0.00,0,0.00,0,0.00,0,0.00,0,0.00,0,0.00,0,0.00,0,0.00,0,0.00,0,0.00,0.00
G,80,Randolph,4.0,4.0,Bournemouth,0,0.00,0,0.00,2,0.07,2,0.07,2,0.07,2,0.08,2,0.06,1,0.04,1,0.06,1,0.06,2,0.07,2,0.06,0.01
M,81,Rothwell,5.0,5.0,Bournemouth,34,1.49,34,1.27,36,1.44,39,1.50,41,1.57,39,1.45,39,1.47,40,1.55,42,1.74,42,1.76,41,1.34,40,1.53,0.00
F,82,Semenyo,4.5,4.5,Bournemouth,3,0.19,4,0.22,5,0.28,4,0.27,6,0.37,7,0.38,7,0.41,7,0.39,8,0.49,7,0.45,7,0.35,8,0.42,0.02
D,83,Senesi,4.5,4.5,Bournemouth,88,2.77,83,1.22,78,2.03,79,2.01,79,2.04,79,1.69,78,1.63,76,2.34,75,2.90,74,2.85,75,0.81,77,1.92,0.00
D,84,Smith,4.5,4.5,Bournemouth,72,2.43,67,1.15,64,1.79,64,1.77,63,1.77,63,1.51,61,1.44,60,1.97,62,2.48,61,2.43,62,0.81,61,1.66,0.00
F,85,Solanke,6.5,6.5,Bournemouth,84,4.20,80,2.98,79,3.58,77,3.27,73,3.23,73,3.00,72,3.04,73,3.24,72,3.63,73,3.80,74,2.48,71,3.08,0.03
M,86,Tavernier,5.5,5.5,Bournemouth,13,0.65,31,1.19,51,2.18,50,2.06,49,2.06,49,1.96,50,2.00,50,2.15,50,2.40,49,2.42,52,1.73,50,2.06,0.00
M,87,Hamed Traorè,5.0,5.0,Bournemouth,55,2.74,49,1.91,46,2.15,47,2.08,47,2.11,46,1.99,46,1.99,47,2.15,46,2.38,47,2.46,45,1.63,46,2.03,0.00
G,88,Travers,4.0,4.0,Bournemouth,0,0.00,0,0.00,0,0.00,0,0.00,0,0.00,0,0.00,0,0.00,0,0.00,0,0.00,0,0.00,0,0.00,0,0.00,0.02
D,89,Zabarnyi,4.5,4.5,Bournemouth,50,1.49,47,0.70,48,1.17,47,1.14,48,1.19,48,0.99,50,1.00,49,1.44,50,1.78,50,1.76,48,0.52,53,1.24,0.00
D,90,Ajer,4.5,4.5,Brentford,28,0.93,31,1.06,32,1.32,35,1.51,34,0.85,34,1.49,35,1.30,38,0.87,37,1.61,36,0.92,38,1.42,37,0.77,0.00
G,91,Balcombe,4.0,4.0,Brentford,0,0.00,0,0.00,0,0.00,0,0.00,0,0.00,0,0.00,0,0.00,0,0.00,0,0.00,0,0.00,0,0.00,0,0.00,0.00
M,92,Baptiste,4.5,4.5,Brentford,22,0.89,25,1.05,24,1.06,27,1.18,28,1.01,29,1.22,29,1.15,31,1.09,29,1.25,29,1.06,30,1.25,29,1.02,0.06
D,93,Bech,4.0,4.0,Brentford,2,0.06,4,0.14,6,0.23,5,0.20,5,0.15,6,0.26,7,0.26,9,0.22,7,0.28,7,0.18,7,0.27,7,0.17,0.00
M,94,Bidstrup,4.5,4.5,Brentford,0,0.00,0,0.00,0,0.00,0,0.00,0,0.00,0,0.00,0,0.00,0,0.00,0,0.00,0,0.00,0,0.00,0,0.00,0.00
M,95,Canós,5.0,5.0,Brentford,0,0.00,0,0.00,0,0.00,0,0.00,0,0.00,0,0.00,0,0.00,0,0.00,0,0.00,0,0.00,0,0.00,0,0.00,0.00
D,96,Collins,4.5,4.5,Brentford,68,2.09,68,2.17,66,2.70,65,2.77,63,1.44,65,2.80,64,2.27,62,1.29,64,2.75,61,1.43,64,2.39,64,1.21,0.00
G,97,Cox,4.0,4.0,Brentford,0,0.00,0,0.00,0,0.00,0,0.00,0,0.00,0,0.00,0,0.00,0,0.00,0,0.00,0,0.00,0,0.00,0,0.00,0.00
M,98,Damsgaard,5.0,5.0,Brentford,47,2.19,49,2.38,49,2.58,47,2.54,50,1.98,49,2.58,51,2.42,48,1.91,48,2.54,47,1.91,48,2.40,50,1.92,0.00
M,99,Dasilva,5.0,5.0,Brentford,36,1.57,38,1.70,38,1.81,38,1.86,38,1.48,37,1.79,37,1.65,40,1.54,37,1.76,39,1.51,37,1.70,36,1.39,0.00
F,100,Dervişoğlu,4.5,4.5,Brentford,0,0.00,0,0.00,0,0.00,0,0.00,0,0.00,0,0.00,0,0.00,0,0.00,0,0.00,0,0.00,0,0.00,0,0.00,0.00
G,101,Flekken,4.5,4.5,Brentford,91,3.37,87,3.23,85,3.50,80,3.36,79,2.72,79,3.31,80,3.15,80,2.72,79,3.35,80,2.77,78,3.08,80,2.67,0.03
D,102,Goode,4.0,4.0,Brentford,0,0.00,0,0.00,0,0.00,0,0.00,0,0.00,0,0.00,1,0.04,2,0.04,1,0.04,1,0.03,0,0.00,1,0.03,0.00
D,103,Henry,4.5,4.5,Brentford,91,2.82,87,2.83,85,3.53,85,3.67,84,1.94,81,3.56,82,2.95,79,1.71,80,3.49,80,1.92,81,3.01,81,1.54,0.07
D,104,Hickey,4.5,4.5,Brentford,82,2.65,80,2.67,77,3.27,76,3.40,75,1.83,73,3.27,74,2.76,73,1.66,73,3.27,73,1.85,74,2.84,72,1.47,0.00
M,105,Janelt,5.5,5.5,Brentford,65,2.10,62,2.07,62,2.23,60,2.22,60,1.79,59,2.15,60,2.00,56,1.67,59,2.14,62,1.83,60,2.06,61,1.76,0.00
M,106,Jensen,5.5,5.5,Brentford,66,2.81,63,2.85,62,3.06,63,3.19,61,2.31,60,3.00,60,2.72,60,2.27,60,2.99,58,2.22,60,2.89,61,2.21,0.01
M,107,Lewis-Potter,5.0,5.0,Brentford,14,0.84,16,1.04,19,1.30,19,1.34,21,1.07,22,1.47,21,1.27,22,1.13,24,1.58,23,1.20,25,1.59,24,1.16,0.00
M,108,Mbeumo,6.5,6.5,Brentford,83,4.73,81,4.98,78,5.39,77,5.54,75,3.52,75,5.20,75,4.62,74,3.47,74,5.14,75,3.55,73,4.88,74,3.33,0.22
D,109,Mee,5.0,5.0,Brentford,70,2.25,68,2.31,64,2.75,68,3.07,66,1.58,65,2.97,64,2.39,64,1.41,65,2.95,67,1.65,63,2.45,65,1.29,0.07
M,110,Nørgaard,5.5,5.5,Brentford,72,2.23,70,2.22,69,2.37,67,2.39,68,1.92,67,2.34,65,2.11,65,1.83,65,2.28,64,1.84,64,2.12,64,1.77,0.00
M,111,Onyeka,5.0,5.0,Brentford,11,0.50,14,0.63,17,0.81,19,0.90,20,0.81,21,0.97,20,0.91,21,0.87,22,1.01,21,0.88,23,1.02,22,0.87,0.00
D,112,Pinnock,4.5,4.5,Brentford,66,2.14,66,2.20,68,2.88,66,2.92,67,1.59,67,3.00,63,2.35,64,1.41,66,2.99,66,1.63,65,2.51,63,1.25,0.02
G,113,Raya,5.0,5.0,Brentford,11,0.43,17,0.67,21,0.88,25,1.05,29,1.14,32,1.27,31,1.25,29,1.07,32,1.29,29,1.19,31,1.21,32,1.28,0.09
D,114,Roerslev,4.5,4.5,Brentford,8,0.30,10,0.40,13,0.61,15,0.72,16,0.49,16,0.80,17,0.74,17,0.51,19,0.96,17,0.55,16,0.72,17,0.48,0.00
M,115,Schade,5.5,5.5,Brentford,53,2.43,52,2.55,52,2.75,53,2.91,53,2.17,54,2.83,54,2.58,55,2.21,55,2.95,54,2.21,52,2.71,54,2.10,0.00
G,116,Strakosha,4.0,4.0,Brentford,0,0.00,1,0.05,1,0.06,2,0.10,3,0.10,3,0.13,3,0.11,3,0.10,4,0.16,4,0.12,4,0.14,4,0.14,0.01
F,117,Toney,8.0,8.0,Brentford,0,0.00,0,0.00,0,0.00,0,0.00,0,0.00,0,0.00,0,0.00,0,0.00,0,0.00,0,0.00,0,0.00,0,0.00,0.00
M,118,Trevitt,4.5,4.5,Brentford,0,0.00,0,0.00,0,0.00,0,0.00,0,0.00,0,0.00,0,0.00,0,0.00,0,0.00,0,0.00,0,0.00,0,0.00,0.00
F,119,Wissa,6.0,6.0,Brentford,66,3.13,63,3.19,63,3.44,59,3.37,60,2.50,59,3.21,61,3.03,59,2.46,57,3.12,59,2.46,59,3.13,59,2.38,0.04
M,120,Yarmolyuk,4.5,4.5,Brentford,0,0.00,0,0.00,2,0.10,2,0.12,2,0.12,3,0.17,3,0.14,3,0.17,3,0.19,3,0.14,3,0.16,3,0.16,0.01
D,121,Zanka,4.5,4.5,Brentford,1,0.04,1,0.05,2,0.10,4,0.17,3,0.11,4,0.17,4,0.15,4,0.13,4,0.18,5,0.15,5,0.18,5,0.12,0.00
M,122,Adingra,5.0,5.0,Brighton,3,0.28,4,0.29,4,0.35,5,0.39,6,0.37,6,0.47,8,0.49,8,0.49,7,0.39,7,0.56,7,0.48,6,0.52,0.01
M,123,Alzate,4.5,4.5,Brighton,0,0.00,0,0.00,2,0.12,2,0.13,4,0.19,4,0.24,4,0.19,5,0.24,4,0.21,5,0.28,5,0.25,5,0.27,0.00
M,124,Ayari,4.5,4.5,Brighton,0,0.00,0,0.00,0,0.00,0,0.00,0,0.00,0,0.00,0,0.00,0,0.00,0,0.00,0,0.00,0,0.00,0,0.00,0.00
M,125,Buonanotte,5.0,5.0,Brighton,30,1.73,29,1.41,30,1.56,33,1.53,33,1.42,34,1.83,32,1.44,32,1.47,32,1.26,35,1.94,33,1.58,34,1.90,0.00
M,126,Caicedo,5.0,5.0,Chelsea,76,2.47,77,2.20,76,2.40,77,2.27,76,2.10,77,2.37,79,2.22,72,2.03,79,2.02,78,2.42,77,2.13,76,2.21,0.03
F,127,Connolly,4.5,4.5,Brighton,0,0.00,0,0.00,0,0.00,0,0.00,0,0.00,0,0.00,0,0.00,0,0.00,0,0.00,0,0.00,0,0.00,0,0.00,0.01
M,128,Dahoud,5.0,5.0,Brighton,76,3.11,73,2.50,71,2.59,69,2.30,69,2.09,68,2.66,67,2.14,68,2.19,68,1.89,69,2.69,68,2.33,67,2.74,0.00
D,129,Dunk,5.0,5.0,Brighton,92,4.49,90,3.28,88,3.29,88,2.64,86,1.83,85,3.68,85,2.30,85,2.21,85,1.25,83,3.32,83,2.98,83,4.06,0.04
M,130,Enciso,5.5,5.5,Brighton,29,2.30,29,1.84,29,2.02,32,1.92,32,1.68,33,2.44,33,1.86,32,1.89,34,1.59,34,2.48,34,2.10,33,2.48,0.09
D,131,Estupiñan,5.0,5.0,Brighton,87,4.89,84,3.50,82,3.59,82,2.86,80,2.01,79,3.94,79,2.46,78,2.40,78,1.39,77,3.65,76,3.18,76,4.28,0.51
F,132,Ferguson,6.0,6.0,Brighton,33,2.33,32,1.83,31,2.02,33,1.88,32,1.64,32,2.14,31,1.68,33,1.83,31,1.41,32,2.20,33,1.91,32,2.22,0.10
M,133,Gilmour,5.0,5.0,Brighton,26,1.20,30,1.18,31,1.26,33,1.24,33,1.19,36,1.49,34,1.25,34,1.25,34,1.15,32,1.32,32,1.25,35,1.49,0.00
M,134,Gross,6.5,6.5,Brighton,65,4.17,65,3.20,68,3.78,67,3.20,66,2.71,65,3.93,66,2.92,68,3.10,66,2.34,67,4.10,64,3.20,66,4.19,0.05
F,135,João Pedro,5.5,5.5,Brighton,37,2.63,40,2.20,39,2.46,39,2.13,41,1.95,40,2.66,41,2.07,37,2.00,40,1.64,41,2.79,40,2.22,43,2.91,0.05
D,136,Karbownik,4.0,4.0,Brighton,6,0.28,8,0.33,9,0.39,11,0.39,12,0.35,13,0.64,14,0.48,14,0.47,13,0.32,14,0.64,16,0.66,16,0.82,0.00
M,137,Kozłowski,4.5,4.5,Brighton,0,0.00,0,0.00,0,0.00,0,0.00,0,0.00,0,0.00,0,0.00,0,0.00,0,0.00,0,0.00,0,0.00,0,0.00,0.00
M,138,Lallana,5.0,5.0,Brighton,24,1.35,24,1.16,26,1.35,28,1.33,29,1.23,29,1.52,31,1.35,29,1.31,28,1.12,28,1.48,30,1.41,31,1.68,0.00
D,139,Lamptey,4.0,4.0,Brighton,2,0.10,2,0.12,2,0.14,3,0.14,3,0.14,3,0.19,4,0.17,3,0.15,4,0.15,4,0.21,3,0.18,3,0.18,0.08
M,140,March,6.5,6.5,Brighton,81,4.96,81,3.97,79,4.30,74,3.53,75,3.06,74,4.36,73,3.22,75,3.41,75,2.65,74,4.42,74,3.68,73,4.44,0.03
G,141,McGill,4.0,4.0,Brighton,0,0.00,0,0.00,0,0.00,0,0.00,0,0.00,0,0.00,0,0.00,0,0.00,0,0.00,0,0.00,0,0.00,0,0.00,0.00
M,142,Milner,5.0,5.0,Brighton,22,1.10,26,1.09,29,1.26,27,1.10,30,1.12,30,1.39,30,1.18,34,1.29,32,1.11,33,1.48,32,1.30,33,1.53,0.00
M,143,Mitoma,6.5,6.5,Brighton,83,4.65,81,3.64,80,4.00,78,3.39,77,2.93,75,4.03,73,2.99,73,3.09,73,2.47,70,3.88,74,3.37,74,4.13,0.38
M,144,Moder,4.5,4.5,Brighton,5,0.29,6,0.33,9,0.45,10,0.47,12,0.56,12,0.65,13,0.61,14,0.67,15,0.64,14,0.77,14,0.67,14,0.76,0.00
G,145,Sanchez,4.5,4.5,Brighton,0,0.00,0,0.00,0,0.00,0,0.00,0,0.00,0,0.00,0,0.00,0,0.00,0,0.00,0,0.00,0,0.00,0,0.00,0.04
M,146,Sarmiento,4.5,4.5,Brighton,0,0.00,0,0.00,0,0.00,0,0.00,0,0.00,0,0.00,0,0.00,0,0.00,0,0.00,0,0.00,0,0.00,0,0.00,0.00
G,147,Scherpen,4.0,4.0,Brighton,0,0.00,0,0.00,0,0.00,0,0.00,0,0.00,0,0.00,0,0.00,0,0.00,0,0.00,0,0.00,0,0.00,0,0.00,0.00
G,148,Steele,4.5,4.5,Brighton,88,4.07,84,3.41,78,3.18,75,2.84,76,2.65,74,3.18,74,2.73,74,2.67,72,2.41,72,2.95,75,3.03,73,3.36,0.06
F,149,Undav,5.5,5.5,Brighton,0,0.00,0,0.00,0,0.00,0,0.00,0,0.00,0,0.00,0,0.00,0,0.00,0,0.00,0,0.00,0,0.00,0,0.00,0.01
D,150,Van Hecke,4.0,4.0,Brighton,3,0.17,5,0.19,6,0.26,6,0.20,8,0.21,9,0.38,9,0.26,9,0.28,11,0.20,10,0.42,10,0.36,9,0.45,0.01
D,151,Veltman,4.5,4.5,Brighton,58,3.14,57,2.38,54,2.32,56,2.01,55,1.48,58,2.80,56,1.81,54,1.74,54,1.09,56,2.56,55,2.30,55,2.97,0.01
G,152,Verbruggen,4.5,4.5,Brighton,7,0.34,11,0.46,16,0.66,20,0.74,18,0.63,21,0.91,20,0.74,21,0.74,23,0.73,23,0.96,20,0.81,22,1.02,0.01
D,153,Webster,4.5,4.5,Brighton,58,3.00,59,2.34,57,2.29,58,1.93,55,1.35,56,2.55,54,1.64,55,1.61,55,0.99,55,2.37,57,2.22,57,2.96,0.00
F,154,Welbeck,6.0,6.0,Brighton,32,2.37,32,1.93,35,2.29,32,1.89,32,1.66,33,2.28,30,1.67,32,1.83,31,1.44,32,2.29,32,1.89,28,2.02,0.02
F,155,Zeqiri,4.5,4.5,Brighton,0,0.00,0,0.00,0,0.00,1,0.08,1,0.08,1,0.11,2,0.12,2,0.12,3,0.18,2,0.19,2,0.14,2,0.17,0.01
M,156,Agyei,4.5,4.5,Burnley,0,0.00,0,0.00,0,0.00,0,0.00,0,0.00,0,0.00,0,0.00,0,0.00,0,0.00,0,0.00,0,0.00,0,0.00,0.00
D,157,Al-Dakhil,4.0,4.0,Burnley,33,0.68,0,0.00,38,1.19,38,1.06,39,1.61,44,1.10,44,1.60,41,1.14,43,1.17,42,1.35,43,1.58,41,0.70,0.01
M,158,Bastien,5.0,5.0,Burnley,3,0.21,0,0.00,6,0.36,8,0.41,8,0.51,8,0.41,9,0.59,9,0.43,10,0.45,9,0.45,9,0.47,10,0.44,0.00
M,159,Benson,5.5,5.5,Burnley,37,1.57,0,0.00,36,1.78,35,1.74,35,2.14,37,1.73,35,2.28,34,1.65,34,1.60,33,1.65,33,1.82,35,1.47,0.00
D,160,Beyer,4.0,4.0,Burnley,86,1.53,0,0.00,81,2.39,80,2.09,77,3.02,78,1.85,75,2.63,77,2.04,76,1.97,75,2.32,75,2.69,76,1.18,0.07
M,161,Brownhill,5.0,5.0,Burnley,81,2.35,0,0.00,79,2.70,78,2.63,78,3.25,78,2.52,76,3.36,73,2.43,74,2.40,74,2.56,76,2.84,75,2.12,0.01
M,162,Churlinov,4.5,4.5,Burnley,6,0.36,0,0.00,7,0.44,9,0.50,9,0.61,8,0.45,10,0.71,11,0.56,12,0.59,12,0.60,11,0.61,11,0.51,0.00
M,163,Cork,5.0,5.0,Burnley,49,1.33,0,0.00,50,1.46,50,1.43,49,1.74,46,1.32,49,1.93,52,1.46,51,1.44,48,1.41,51,1.54,48,1.26,0.00
M,164,Costelloe,4.5,4.5,Burnley,0,0.00,0,0.00,0,0.00,0,0.00,0,0.00,0,0.00,0,0.00,0,0.00,0,0.00,0,0.00,0,0.00,0,0.00,0.00
M,165,Cullen,5.0,5.0,Burnley,84,2.10,0,0.00,81,2.28,79,2.18,80,2.73,80,2.13,79,2.94,79,2.14,76,2.06,77,2.19,77,2.31,76,1.88,0.00
D,166,Egan-Riley,4.0,4.0,Burnley,2,0.06,0,0.00,3,0.11,4,0.13,4,0.17,4,0.13,5,0.21,5,0.15,5,0.16,5,0.17,4,0.17,5,0.11,0.00
D,167,Ekdal,4.0,4.0,Burnley,67,1.24,0,0.00,65,1.93,63,1.68,62,2.45,61,1.48,59,2.11,61,1.65,59,1.57,62,1.92,60,2.18,59,0.97,0.00
F,168,Foster,5.0,5.0,Burnley,7,0.41,0,0.00,10,0.56,10,0.58,10,0.70,11,0.61,13,0.92,12,0.66,13,0.68,12,0.66,12,0.71,13,0.63,0.00
G,169,Franchi,4.0,4.0,Burnley,0,0.00,0,0.00,0,0.00,0,0.00,0,0.00,0,0.00,0,0.00,0,0.00,0,0.00,0,0.00,0,0.00,0,0.00,0.00
M,170,Gudmundsson,5.0,5.0,Burnley,41,1.68,0,0.00,40,1.93,38,1.83,38,2.24,37,1.71,37,2.32,37,1.73,37,1.69,39,1.86,36,1.92,39,1.57,0.00
D,171,McNally,4.0,4.0,Burnley,0,0.00,0,0.00,0,0.00,0,0.00,0,0.00,0,0.00,0,0.00,0,0.00,0,0.00,0,0.00,0,0.00,0,0.00,0.00
G,172,Muric,4.5,4.5,Burnley,81,2.69,0,0.00,77,2.84,76,2.71,76,3.49,74,2.60,73,3.65,71,2.53,73,2.58,74,2.83,72,2.88,71,2.33,0.01
D,173,O'Shea,4.5,4.5,Burnley,26,0.52,0,0.00,31,0.97,34,0.95,35,1.40,35,0.87,38,1.36,37,1.02,39,1.04,37,1.17,38,1.41,38,0.63,0.00
F,174,Obafemi,5.0,5.0,Burnley,16,0.72,0,0.00,17,0.88,20,0.98,20,1.21,20,0.96,21,1.34,19,0.90,23,1.05,22,1.09,22,1.18,21,0.88,0.00
G,175,Peacock-Farrell,4.0,4.0,Burnley,0,0.00,0,0.00,0,0.00,0,0.00,0,0.00,0,0.00,0,0.00,0,0.00,0,0.00,0,0.00,0,0.00,0,0.00,0.00
D,176,Roberts,4.5,4.5,Burnley,81,1.72,0,0.00,76,2.63,73,2.27,73,3.27,71,1.99,70,2.85,69,2.14,69,2.11,70,2.50,69,2.91,71,1.34,0.01
F,177,Rodriguez,5.5,5.5,Burnley,51,2.11,0,0.00,48,2.43,49,2.40,47,2.87,46,2.17,46,2.90,48,2.26,45,2.07,46,2.30,44,2.41,46,1.89,0.00
D,178,Taylor,4.0,4.0,Burnley,59,1.11,0,0.00,58,1.73,58,1.56,58,2.30,57,1.40,57,2.02,57,1.56,58,1.55,58,1.81,60,2.20,60,0.98,0.01
D,179,Thomas,4.0,4.0,Burnley,0,0.00,0,0.00,0,0.00,0,0.00,0,0.00,0,0.00,0,0.00,0,0.00,0,0.00,0,0.00,0,0.00,0,0.00,0.00
M,180,Twine,5.0,5.0,Burnley,11,0.53,0,0.00,13,0.69,15,0.78,16,1.04,15,0.77,16,1.09,16,0.83,16,0.82,17,0.91,19,1.08,17,0.80,0.00
G,181,Vigouroux,4.0,4.0,Burnley,0,0.00,0,0.00,0,0.00,0,0.00,0,0.00,0,0.00,0,0.00,0,0.00,0,0.00,0,0.00,0,0.00,0,0.00,0.00
D,182,Vitinho,4.5,4.5,Burnley,28,0.77,0,0.00,30,1.14,33,1.15,34,1.64,33,1.09,34,1.60,35,1.23,33,1.15,34,1.34,33,1.49,33,0.81,0.00
F,183,Weghorst,5.5,5.5,Burnley,18,0.88,0,0.00,20,1.14,18,1.02,20,1.36,21,1.12,21,1.52,21,1.12,20,1.06,21,1.14,23,1.34,20,0.96,0.01
M,184,Zaroury,5.0,5.0,Burnley,65,2.29,0,0.00,61,2.52,60,2.44,59,2.99,58,2.30,58,3.11,57,2.28,57,2.26,55,2.32,55,2.51,55,1.95,0.00
D,185,Ampadu,4.0,4.0,Chelsea,0,0.00,0,0.00,0,0.00,0,0.00,0,0.00,0,0.00,0,0.00,0,0.00,0,0.00,0,0.00,0,0.00,0,0.00,0.00
M,186,Andrey,4.5,4.5,Chelsea,2,0.07,3,0.11,3,0.14,3,0.14,5,0.19,4,0.14,4,0.14,4,0.16,4,0.14,5,0.21,5,0.18,5,0.18,0.00
G,187,Arrizabalaga,5.0,5.0,Chelsea,94,3.50,93,3.66,92,4.48,92,4.14,91,3.80,90,3.70,90,3.60,90,3.83,91,3.42,91,3.88,91,3.30,91,3.25,0.02
F,188,Aubameyang,6.5,6.5,Chelsea,0,0.00,0,0.00,0,0.00,0,0.00,0,0.00,0,0.00,0,0.00,0,0.00,0,0.00,0,0.00,0,0.00,0,0.00,0.00
D,189,Azpilicueta,4.5,4.5,Chelsea,0,0.00,0,0.00,0,0.00,0,0.00,0,0.00,0,0.00,0,0.00,0,0.00,0,0.00,0,0.00,0,0.00,0,0.00,0.00
D,190,Baba,4.0,4.0,Chelsea,0,0.00,0,0.00,0,0.00,0,0.00,0,0.00,0,0.00,0,0.00,0,0.00,0,0.00,0,0.00,0,0.00,0,0.00,0.00
D,191,B.Badiashile,4.5,4.5,Chelsea,0,0.00,0,0.00,0,0.00,0,0.00,0,0.00,0,0.00,0,0.00,0,0.00,0,0.00,0,0.00,0,0.00,0,0.00,0.01
G,192,Bettinelli,4.0,4.0,Chelsea,0,0.00,0,0.00,0,0.00,0,0.00,0,0.00,0,0.00,0,0.00,0,0.00,0,0.00,0,0.00,0,0.00,0,0.00,0.00
F,193,Broja,5.0,5.0,Chelsea,0,0.00,0,0.00,0,0.00,0,0.00,0,0.00,0,0.00,0,0.00,0,0.00,0,0.00,0,0.00,0,0.00,0,0.00,0.00
D,194,Chalobah,4.5,4.5,Chelsea,35,1.15,40,1.46,38,2.13,41,2.05,40,1.69,43,1.74,41,1.61,41,1.74,41,1.33,40,1.78,40,1.23,41,1.13,0.00
D,195,Chilwell,5.5,5.5,Chelsea,79,3.16,77,3.51,74,5.27,72,4.51,71,3.77,69,3.52,68,3.38,67,3.58,67,2.76,69,3.83,67,2.51,68,2.28,0.09
M,196,Chukwuemeka,4.5,4.5,Chelsea,2,0.13,2,0.10,3,0.18,3,0.21,5,0.26,4,0.21,4,0.24,4,0.23,3,0.19,4,0.25,4,0.21,5,0.24,0.02
D,197,Colwill,4.5,4.5,Chelsea,88,2.70,87,3.07,83,4.60,79,3.87,81,3.32,80,3.19,80,3.02,79,3.30,80,2.50,79,3.42,80,2.31,79,2.05,0.02
D,198,Cucurella,5.0,5.0,Chelsea,15,0.54,20,0.81,22,1.23,24,1.26,27,1.22,26,1.14,27,1.17,28,1.28,27,1.00,27,1.28,27,0.93,26,0.85,0.01
M,199,Enzo,5.0,5.0,Chelsea,89,2.65,85,2.66,84,3.33,82,3.06,82,2.73,80,2.67,80,2.67,81,2.66,82,2.47,81,2.80,80,2.34,79,2.22,0.04
F,200,D.D.Fofana,5.0,5.0,Chelsea,0,0.00,0,0.00,0,0.00,0,0.00,0,0.00,0,0.00,0,0.00,0,0.00,0,0.00,0,0.00,0,0.00,0,0.00,0.00
D,201,W.Fofana,4.5,4.5,Chelsea,0,0.00,0,0.00,0,0.00,0,0.00,0,0.00,0,0.00,0,0.00,0,0.00,0,0.00,0,0.00,0,0.00,0,0.00,0.00
M,202,Gallagher,5.5,5.5,Chelsea,70,2.65,69,2.67,65,2.97,63,2.88,59,2.31,56,2.15,61,2.68,58,2.30,58,2.18,55,2.47,58,2.18,54,2.20,0.01
D,203,Gusto,4.0,4.0,Chelsea,19,0.69,22,0.90,26,1.44,26,1.35,28,1.30,29,1.30,30,1.32,30,1.40,29,1.06,31,1.47,29,1.02,30,0.96,0.02
D,204,Hall,4.5,4.5,Chelsea,8,0.31,9,0.37,12,0.71,13,0.68,14,0.64,15,0.70,13,0.59,17,0.83,14,0.55,15,0.74,16,0.59,15,0.53,0.00
M,205,Hudson-Odoi,5.0,5.0,Chelsea,22,1.11,25,1.32,26,1.21,28,1.19,31,1.71,32,1.48,33,1.50,29,1.62,28,1.24,32,1.42,30,1.36,29,1.26,0.00
D,206,James,5.5,5.5,Chelsea,78,3.10,73,3.33,71,5.04,68,4.36,65,3.46,65,3.38,63,3.20,63,3.38,65,2.71,63,3.57,64,2.43,63,2.17,0.15
F,207,Lukaku,7.0,7.0,Chelsea,0,0.00,0,0.00,0,0.00,0,0.00,0,0.00,0,0.00,0,0.00,0,0.00,0,0.00,0,0.00,0,0.00,0,0.00,0.01
M,208,Madueke,5.5,5.5,Chelsea,27,1.39,28,1.55,28,1.89,25,1.67,27,1.57,26,1.54,26,1.56,24,1.41,28,1.50,25,1.58,26,1.35,26,1.29,0.01
M,209,Mount,7.0,7.0,Man Utd,57,3.58,56,2.76,54,3.63,55,2.48,56,3.33,56,3.13,56,3.54,55,3.40,54,3.26,54,2.47,55,3.24,54,3.83,0.07
M,210,Mudryk,6.5,6.5,Chelsea,53,2.46,49,2.43,49,3.04,46,2.75,45,2.38,47,2.47,45,2.40,43,2.25,46,2.21,45,2.51,45,2.05,47,2.02,0.03
F,211,N.Jackson,7.0,7.0,Chelsea,61,2.89,54,2.75,53,3.39,51,3.10,49,2.68,45,2.49,47,2.67,46,2.46,47,2.40,49,2.81,46,2.18,47,2.10,0.09
F,212,Nkunku,7.5,7.5,Chelsea,68,3.34,78,4.04,75,5.11,73,4.74,71,3.94,71,3.92,70,4.02,73,3.88,72,3.65,71,4.28,71,3.36,71,3.17,0.20
M,213,Pulisic,5.5,5.5,Chelsea,0,0.00,0,0.00,0,0.00,0,0.00,0,0.00,0,0.00,0,0.00,0,0.00,0,0.00,0,0.00,0,0.00,0,0.00,0.00
D,214,M.Sarr,4.5,4.5,Chelsea,8,0.20,9,0.27,13,0.59,15,0.64,15,0.56,15,0.55,19,0.68,17,0.65,19,0.57,19,0.75,18,0.52,18,0.49,0.00
G,215,Slonina,4.0,4.0,Chelsea,1,0.05,2,0.08,3,0.16,3,0.14,4,0.17,5,0.19,5,0.18,5,0.19,4,0.14,3,0.15,4,0.14,4,0.15,0.00
M,216,Sterling,7.0,7.0,Chelsea,75,3.78,72,3.91,70,5.09,68,4.75,68,4.00,65,3.83,65,3.93,65,3.68,63,3.38,63,3.94,64,3.17,64,2.97,0.03
D,217,T.Silva,5.0,5.0,Chelsea,90,2.65,87,2.98,85,4.62,84,4.00,85,3.40,84,3.27,82,3.04,83,3.39,81,2.44,80,3.39,80,2.23,82,2.04,0.02
M,218,Ziyech,5.5,5.5,Chelsea,26,1.46,22,1.32,22,1.63,23,1.63,23,1.47,24,1.48,22,1.44,23,1.41,23,1.35,24,1.57,23,1.27,24,1.26,0.00
M,219,Ahamada,4.5,4.5,Crystal Palace,30,1.22,33,1.21,31,1.16,31,1.25,32,1.16,35,1.43,34,1.17,36,1.44,37,1.23,34,1.25,35,1.30,35,1.40,0.00
D,220,Andersen,4.5,4.5,Crystal Palace,89,3.21,86,1.91,83,2.19,82,3.25,80,1.88,81,2.89,80,1.43,78,3.08,79,1.55,80,2.15,79,2.52,78,3.05,0.01
M,221,J.Ayew,5.5,5.5,Crystal Palace,82,3.83,77,3.11,74,3.08,71,3.58,73,2.87,72,3.84,71,2.65,71,3.75,72,2.68,73,3.19,72,3.16,71,3.59,0.00
D,222,Clyne,4.5,4.5,Crystal Palace,17,0.66,22,0.63,24,0.77,23,1.01,27,0.77,27,1.06,25,0.61,28,1.19,27,0.69,29,0.93,28,1.03,28,1.19,0.00
M,223,C.Doucouré,5.0,5.0,Crystal Palace,82,2.48,80,2.16,80,2.21,78,2.44,79,2.10,80,2.48,79,2.00,77,2.42,78,2.00,78,2.16,76,2.18,77,2.38,0.00
M,224,Ebiowei,4.5,4.5,Crystal Palace,6,0.41,8,0.44,8,0.45,8,0.48,10,0.50,10,0.61,11,0.52,12,0.69,12,0.55,12,0.60,11,0.58,12,0.68,0.00
F,225,Edouard,5.5,5.5,Crystal Palace,71,3.27,67,2.79,68,2.81,65,3.17,64,2.56,64,3.41,64,2.45,65,3.34,65,2.46,63,2.80,63,2.79,63,3.14,0.01
M,226,Eze,6.5,6.5,Crystal Palace,84,4.86,80,3.83,76,3.75,75,4.46,75,3.39,76,4.96,74,3.17,74,4.74,73,3.11,76,3.92,76,4.00,75,4.57,0.13
G,227,Guaita,4.5,4.5,Crystal Palace,2,0.08,3,0.10,3,0.11,4,0.17,4,0.13,5,0.21,6,0.19,7,0.27,7,0.25,6,0.23,6,0.24,7,0.31,0.01
D,228,Guéhi,4.5,4.5,Crystal Palace,91,3.33,87,1.94,86,2.27,85,3.37,82,1.93,83,2.96,80,1.44,81,3.19,82,1.60,80,2.15,80,2.57,80,3.15,0.02
M,229,Hughes,5.0,5.0,Crystal Palace,45,1.75,44,1.56,44,1.56,44,1.71,44,1.50,45,1.81,45,1.45,45,1.83,46,1.49,45,1.61,45,1.60,45,1.77,0.00
G,230,Johnstone,4.5,4.5,Crystal Palace,93,3.80,92,3.16,92,3.26,91,3.75,91,3.12,90,3.50,89,2.94,88,3.59,87,2.90,88,3.14,89,3.38,88,3.58,0.01
M,231,Lerma,5.0,5.0,Crystal Palace,68,2.05,67,1.82,64,1.76,63,1.97,61,1.65,63,2.00,64,1.65,61,1.95,62,1.61,63,1.78,61,1.78,62,1.96,0.00
F,232,Mateta,5.0,5.0,Crystal Palace,32,1.81,32,1.61,32,1.64,32,1.89,34,1.61,34,2.10,33,1.53,34,2.08,34,1.54,34,1.80,35,1.82,36,2.08,0.00
G,233,Matthews,4.0,4.0,Crystal Palace,0,0.00,0,0.00,0,0.00,0,0.00,0,0.00,0,0.00,0,0.00,0,0.00,0,0.00,0,0.00,0,0.00,0,0.00,0.00
D,234,Mitchell,4.5,4.5,Crystal Palace,85,3.16,81,1.86,79,2.15,77,3.11,75,1.82,73,2.64,74,1.38,74,2.96,75,1.53,74,2.04,73,2.41,73,2.91,0.01
D,235,O'Brien,4.0,4.0,Crystal Palace,0,0.00,0,0.00,0,0.00,0,0.00,0,0.00,0,0.00,0,0.00,0,0.00,0,0.00,0,0.00,0,0.00,0,0.00,0.00
M,236,Olise,6.0,6.0,Crystal Palace,3,0.17,24,1.28,43,2.45,56,3.42,50,2.54,50,3.11,51,2.63,49,2.82,49,2.46,52,2.84,51,2.76,48,2.57,0.00
F,237,Plange,4.5,4.5,Crystal Palace,0,0.00,0,0.00,0,0.00,0,0.00,0,0.00,0,0.00,0,0.00,0,0.00,0,0.00,0,0.00,0,0.00,0,0.00,0.00
D,238,C.Richards,4.0,4.0,Crystal Palace,11,0.44,17,0.45,20,0.61,22,0.96,26,0.71,25,0.98,28,0.61,28,1.19,28,0.66,27,0.84,28,1.01,29,1.27,0.01
M,239,Riedewald,4.5,4.5,Crystal Palace,8,0.28,10,0.34,11,0.39,13,0.46,14,0.46,15,0.55,15,0.49,15,0.55,16,0.53,16,0.56,16,0.56,16,0.58,0.00
M,240,Schlupp,5.0,5.0,Crystal Palace,62,2.59,58,2.20,56,2.18,56,2.49,57,2.10,56,2.61,58,2.01,58,2.66,55,1.95,55,2.19,55,2.22,55,2.44,0.00
D,241,Tomkins,4.0,4.0,Crystal Palace,3,0.09,5,0.12,7,0.19,8,0.30,8,0.21,9,0.32,11,0.23,10,0.38,10,0.22,11,0.31,11,0.36,11,0.43,0.01
D,242,Ward,4.5,4.5,Crystal Palace,79,3.01,76,1.78,73,1.98,72,2.98,70,1.69,70,2.60,68,1.26,68,2.76,67,1.36,66,1.84,66,2.18,69,2.77,0.00
G,243,Whitworth,4.0,4.0,Crystal Palace,0,0.00,0,0.00,0,0.00,0,0.00,0,0.00,0,0.00,0,0.00,0,0.00,0,0.00,0,0.00,0,0.00,0,0.00,0.01
M,244,André Gomes,4.5,4.5,Everton,3,0.14,4,0.18,5,0.23,6,0.28,7,0.31,7,0.29,8,0.34,8,0.36,9,0.35,8,0.34,8,0.34,8,0.32,0.00
D,245,Branthwaite,4.0,4.0,Everton,0,0.00,2,0.07,4,0.16,4,0.15,5,0.15,4,0.14,5,0.24,6,0.23,7,0.17,6,0.20,5,0.17,5,0.18,0.01
F,246,Calvert-Lewin,6.0,6.0,Everton,69,3.88,65,2.73,62,3.23,62,3.09,60,2.65,59,2.67,57,3.36,58,3.23,56,2.23,60,2.72,59,2.93,59,2.73,0.02
D,247,Coleman,4.5,4.5,Everton,23,1.03,24,0.81,26,1.22,25,1.13,26,0.85,26,0.94,29,1.51,26,1.19,28,0.74,28,0.99,26,1.00,27,1.03,0.00
M,248,Dele,5.0,5.0,Everton,8,0.46,12,0.54,13,0.68,14,0.72,15,0.71,17,0.77,19,1.03,18,0.94,19,0.80,18,0.81,18,0.85,18,0.86,0.00
M,249,A.Doucoure,5.5,5.5,Everton,81,3.00,79,2.37,78,2.78,77,2.67,73,2.25,72,2.27,72,2.88,71,2.66,72,2.02,71,2.25,72,2.40,72,2.33,0.00
M,250,Garner,5.0,5.0,Everton,50,1.86,52,1.59,51,1.84,53,1.84,55,1.69,54,1.67,54,2.11,54,1.98,54,1.52,55,1.72,52,1.71,54,1.71,0.00
M,251,Gbamin,4.5,4.5,Everton,0,0.00,1,0.05,2,0.08,3,0.10,3,0.12,4,0.14,5,0.17,5,0.17,4,0.15,5,0.16,5,0.17,5,0.16,0.00
D,252,Godfrey,4.5,4.5,Everton,25,0.98,26,0.73,29,1.24,30,1.23,32,0.87,32,0.99,32,1.54,35,1.44,34,0.71,32,0.97,35,1.15,32,1.06,0.00
M,253,Gray,5.5,5.5,Everton,35,2.10,36,1.63,39,2.16,39,2.08,39,1.80,42,1.94,43,2.66,41,2.35,41,1.66,39,1.84,42,2.14,41,1.99,0.00
M,254,Gana,5.0,5.0,Everton,76,2.31,74,1.97,73,2.24,70,2.09,70,1.88,68,1.90,67,2.22,67,2.09,67,1.70,66,1.83,67,1.91,67,1.88,0.00
D,255,Holgate,4.0,4.0,Everton,18,0.71,24,0.69,26,1.09,27,1.08,28,0.76,27,0.84,29,1.42,31,1.26,30,0.63,30,0.91,28,0.93,28,0.94,0.02
M,256,Iwobi,5.5,5.5,Everton,76,3.09,73,2.40,72,2.83,71,2.69,71,2.36,70,2.40,68,2.99,69,2.81,70,2.13,70,2.39,69,2.52,69,2.43,0.01
D,257,Keane,4.5,4.5,Everton,86,3.22,84,2.02,82,3.35,81,3.15,80,1.86,78,2.13,78,3.74,76,3.06,76,1.28,75,2.02,76,2.33,77,2.35,0.00
F,258,Maupay,5.0,5.0,Everton,8,0.53,10,0.54,11,0.64,12,0.68,12,0.62,13,0.66,13,0.81,12,0.75,14,0.65,12,0.65,13,0.75,13,0.70,0.01
M,259,McNeil,5.5,5.5,Everton,65,3.11,62,2.31,60,2.72,61,2.64,59,2.25,60,2.33,59,2.99,57,2.71,56,1.95,59,2.30,58,2.43,60,2.41,0.01
D,260,Mykolenko,4.5,4.5,Everton,33,1.35,34,0.96,36,1.59,36,1.51,38,1.02,37,1.14,38,1.89,39,1.68,39,0.78,40,1.19,39,1.30,38,1.28,0.00
M,261,Onana,5.0,5.0,Everton,20,0.79,24,0.81,24,0.90,26,0.95,26,0.87,27,0.92,29,1.12,30,1.10,28,0.89,30,0.99,30,1.02,29,0.98,0.00
D,262,Patterson,4.5,4.5,Everton,64,2.41,60,1.58,59,2.41,58,2.29,56,1.41,56,1.64,53,2.54,55,2.23,53,1.01,54,1.55,56,1.77,54,1.75,0.00
G,263,Pickford,4.5,4.5,Everton,94,3.71,93,3.17,93,3.86,92,3.77,90,3.04,90,3.16,91,4.11,91,3.73,90,2.92,90,3.14,90,3.31,90,3.31,0.14
F,264,Simms,4.5,4.5,Everton,0,0.00,0,0.00,0,0.00,0,0.00,0,0.00,0,0.00,0,0.00,0,0.00,0,0.00,0,0.00,0,0.00,0,0.00,0.00
D,265,Tarkowski,4.5,4.5,Everton,92,3.39,89,2.10,87,3.54,85,3.26,86,1.92,85,2.28,86,4.07,85,3.37,85,1.36,86,2.25,85,2.53,85,2.56,0.03
G,266,J.Virginia,4.0,4.0,Everton,1,0.04,2,0.07,2,0.10,3,0.14,5,0.15,5,0.16,3,0.15,4,0.15,5,0.16,5,0.16,4,0.16,4,0.15,0.00
M,267,Andreas,5.5,5.5,Fulham,72,3.54,75,4.10,75,2.94,77,2.69,77,4.95,75,3.60,75,3.49,75,4.63,75,3.11,76,3.26,77,3.51,77,3.16,0.03
M,268,Cairney,5.0,5.0,Fulham,28,1.23,26,1.22,23,0.95,23,0.91,21,1.13,22,1.03,22,1.01,24,1.24,24,1.03,23,1.01,23,1.01,23,0.98,0.00
M,269,I.Cavaleiro,5.0,5.0,Fulham,6,0.37,5,0.37,7,0.39,7,0.36,6,0.46,7,0.43,7,0.42,8,0.56,7,0.40,7,0.40,7,0.43,7,0.40,0.00
M,270,De Cordova-Reid,5.5,5.5,Fulham,42,1.85,42,1.98,41,1.56,37,1.36,37,1.98,36,1.61,38,1.65,38,1.98,39,1.55,36,1.51,38,1.63,40,1.62,0.00
D,271,Diop,4.5,4.5,Fulham,48,1.43,49,1.50,49,0.69,50,0.50,49,2.13,49,1.34,52,1.26,51,2.10,49,0.89,51,1.03,50,1.09,48,1.01,0.00
M,272,Francois,4.5,4.5,Fulham,0,0.00,0,0.00,0,0.00,0,0.00,0,0.00,0,0.00,0,0.00,0,0.00,0,0.00,0,0.00,0,0.00,0,0.00,0.00
M,273,Knockaert,4.5,4.5,Fulham,0,0.00,1,0.07,2,0.10,2,0.10,2,0.13,2,0.13,2,0.14,2,0.17,2,0.12,2,0.13,2,0.14,2,0.15,0.00
D,274,Kongolo,4.0,4.0,Fulham,1,0.04,3,0.10,4,0.10,4,0.08,5,0.24,5,0.18,5,0.17,7,0.28,6,0.16,6,0.17,7,0.19,6,0.16,0.00
G,275,Leno,4.5,4.5,Fulham,94,3.50,93,3.50,92,3.04,91,3.03,91,3.97,91,3.32,90,3.19,90,3.87,90,3.00,90,3.10,90,3.10,92,3.14,0.09
M,276,Lukić,4.5,4.5,Fulham,55,1.86,47,1.73,44,1.36,38,1.17,37,1.59,37,1.33,38,1.33,40,1.63,39,1.26,40,1.34,38,1.31,38,1.27,0.00
D,277,Mbabu,4.0,4.0,Fulham,11,0.41,15,0.56,17,0.39,18,0.34,20,0.95,19,0.67,21,0.67,21,0.98,23,0.59,21,0.61,23,0.68,23,0.66,0.01
F,278,Mitrović,7.5,7.5,Fulham,40,2.09,45,2.62,56,2.32,60,2.21,65,4.26,72,3.57,73,3.53,72,4.53,73,3.14,71,3.22,70,3.38,69,3.01,0.03
F,279,Muniz,4.5,4.5,Fulham,0,0.00,0,0.00,0,0.00,0,0.00,0,0.00,0,0.00,0,0.00,0,0.00,0,0.00,0,0.00,0,0.00,0,0.00,0.00
M,280,J.Palhinha,5.0,5.0,Fulham,44,1.31,58,1.73,71,1.74,82,1.85,82,2.64,81,2.16,81,2.11,81,2.52,80,1.95,80,2.01,79,2.04,80,1.99,0.01
D,281,Ream,4.5,4.5,Fulham,87,2.51,82,2.47,82,1.09,79,0.74,76,3.32,77,2.07,77,1.86,76,3.15,78,1.35,76,1.51,74,1.59,76,1.56,0.01
M,282,Reed,5.0,5.0,Fulham,74,2.33,67,2.25,62,1.79,59,1.65,59,2.29,59,1.93,59,1.90,58,2.20,58,1.75,58,1.80,60,1.88,60,1.81,0.01
D,283,Robinson,4.5,4.5,Fulham,88,2.65,84,2.67,83,1.16,82,0.78,80,3.69,79,2.20,79,2.00,79,3.46,78,1.42,79,1.63,79,1.76,80,1.68,0.01
G,284,Rodák,4.0,4.0,Fulham,1,0.04,2,0.08,3,0.10,4,0.14,4,0.19,4,0.14,5,0.16,5,0.20,5,0.17,4,0.15,5,0.17,3,0.11,0.00
D,285,Tete,4.5,4.5,Fulham,84,2.68,79,2.69,76,1.16,75,0.81,72,3.49,72,2.15,71,1.93,70,3.25,68,1.36,69,1.56,68,1.66,67,1.55,0.01
D,286,Tosin,4.5,4.5,Fulham,46,1.39,48,1.50,47,0.67,47,0.47,49,2.17,49,1.33,47,1.17,46,1.96,47,0.87,47,0.97,49,1.07,50,1.06,0.00
F,287,Vinícius,5.0,5.0,Fulham,35,1.70,31,1.69,26,1.14,24,0.97,21,1.33,19,0.99,19,0.95,18,1.13,18,0.84,19,0.91,18,0.94,19,0.91,0.04
M,288,Wilson,5.5,5.5,Fulham,54,2.64,49,2.62,49,2.00,47,1.78,47,2.87,45,2.22,45,2.14,45,2.71,45,1.97,45,2.01,44,2.07,44,1.93,0.00
G,289,Adrián,4.0,4.0,Liverpool,0,0.00,0,0.00,0,0.00,0,0.00,0,0.00,0,0.00,0,0.00,0,0.00,0,0.00,0,0.00,0,0.00,0,0.00,0.00
D,290,Alexander-Arnold,8.0,8.0,Liverpool,88,3.70,82,5.52,81,3.15,79,4.38,79,4.46,78,4.67,78,3.14,76,3.37,76,5.01,77,5.19,78,5.11,77,4.63,0.28
G,291,Alisson,5.5,5.5,Liverpool,94,3.63,92,4.24,92,3.45,90,3.79,91,3.96,91,3.95,91,3.39,91,3.50,90,4.17,90,4.13,90,4.22,91,3.94,0.09
M,292,Bajcetic,5.0,5.0,Liverpool,11,0.41,11,0.48,12,0.45,12,0.47,10,0.41,9,0.39,11,0.42,11,0.43,13,0.52,12,0.50,11,0.45,12,0.51,0.00
F,293,Darwin,7.5,7.5,Liverpool,58,2.99,60,4.19,61,3.08,58,3.58,56,3.29,56,3.76,54,2.95,54,3.07,55,3.81,53,3.85,56,3.68,54,3.60,0.14
M,294,Diogo J.,8.0,8.0,Liverpool,45,2.52,46,3.56,43,2.39,45,3.07,45,2.94,47,3.40,47,2.75,47,2.84,46,3.47,47,3.67,46,3.36,47,3.36,0.03
M,295,Elliott,5.0,5.0,Liverpool,33,1.56,33,1.94,33,1.51,31,1.67,31,1.64,31,1.76,33,1.54,32,1.57,32,1.85,33,1.94,32,1.77,33,1.81,0.00
M,296,Fabinho,5.0,5.0,Liverpool,0,0.00,0,0.00,0,0.00,0,0.00,0,0.00,0,0.00,0,0.00,0,0.00,0,0.00,0,0.00,0,0.00,0,0.00,0.00
F,297,Gakpo,7.5,7.5,Liverpool,51,2.47,52,3.29,51,2.42,52,2.90,50,2.68,51,3.10,50,2.56,53,2.73,53,3.23,51,3.26,50,2.98,52,3.10,0.04
D,298,Gomez,4.5,4.5,Liverpool,24,0.75,31,1.43,32,0.94,32,1.24,33,1.35,35,1.44,32,0.96,37,1.19,36,1.68,36,1.66,38,1.75,33,1.37,0.00
M,299,Henderson,5.0,5.0,Liverpool,0,0.00,0,0.00,0,0.00,0,0.00,0,0.00,0,0.00,0,0.00,0,0.00,0,0.00,0,0.00,0,0.00,0,0.00,0.00
M,300,Jones,5.0,5.0,Liverpool,40,1.54,39,1.81,37,1.42,34,1.50,35,1.48,33,1.53,33,1.31,35,1.42,33,1.54,35,1.65,35,1.62,34,1.53,0.00
G,301,Kelleher,4.0,4.0,Liverpool,0,0.00,3,0.12,3,0.11,5,0.19,4,0.18,4,0.16,4,0.16,4,0.15,5,0.22,5,0.24,5,0.21,4,0.19,0.00
D,302,Konaté,5.0,5.0,Liverpool,85,2.54,80,3.64,76,2.10,75,2.86,74,2.98,70,2.88,71,1.98,70,2.15,69,3.19,69,3.17,72,3.34,70,2.91,0.01
M,303,Luis Díaz,7.5,7.5,Liverpool,66,3.13,63,4.08,63,2.92,61,3.54,60,3.31,60,3.72,60,2.96,60,3.12,59,3.80,60,3.97,60,3.73,58,3.59,0.06
M,304,Mac Allister,6.0,6.0,Liverpool,82,3.11,79,4.07,77,2.85,76,3.51,72,3.23,69,3.45,70,2.80,67,2.82,69,3.57,67,3.66,68,3.44,69,3.48,0.15
D,305,Matip,5.0,5.0,Liverpool,14,0.45,19,0.88,23,0.72,25,1.04,26,1.14,27,1.20,27,0.87,26,0.90,28,1.39,26,1.31,24,1.23,27,1.23,0.00
D,306,Phillips,4.0,4.0,Liverpool,0,0.00,0,0.00,2,0.09,3,0.12,4,0.16,5,0.20,5,0.17,4,0.16,6,0.26,5,0.22,6,0.28,5,0.22,0.00
D,307,Robertson,6.5,6.5,Liverpool,79,3.21,75,4.69,73,2.74,73,3.80,71,3.83,70,3.96,72,2.77,71,3.00,67,4.18,68,4.32,67,4.19,70,3.95,0.04
M,308,Salah,12.5,12.5,Liverpool,89,4.99,85,7.01,83,4.56,83,5.75,82,5.43,81,6.18,80,4.72,79,4.92,79,6.35,79,6.63,80,6.12,80,6.06,0.24
M,309,Szoboszlai,7.0,7.0,Liverpool,76,3.20,73,4.29,70,2.94,68,3.51,67,3.35,64,3.61,66,2.96,64,3.03,63,3.69,64,3.89,62,3.53,62,3.49,0.06
M,310,Thiago,5.0,5.0,Liverpool,5,0.22,13,0.58,24,0.86,37,1.41,45,1.64,51,1.94,50,1.63,52,1.73,49,1.95,51,2.05,48,1.88,51,1.92,0.00
D,311,Tsimikas,4.5,4.5,Liverpool,6,0.35,8,0.55,10,0.45,9,0.52,10,0.54,12,0.64,11,0.46,11,0.49,14,0.78,13,0.72,12,0.69,12,0.66,0.00
D,312,Van den Berg,4.0,4.0,Liverpool,0,0.00,0,0.00,0,0.00,0,0.00,0,0.00,0,0.00,0,0.00,0,0.00,0,0.00,0,0.00,0,0.00,0,0.00,0.00
D,313,Virgil,6.0,6.0,Liverpool,92,2.93,87,4.25,85,2.51,83,3.42,82,3.55,82,3.63,82,2.46,81,2.68,82,4.04,83,4.12,83,4.13,82,3.65,0.09
F,314,Adebayo,5.0,5.0,Luton,64,2.39,0,0.00,62,2.15,60,2.52,59,2.90,58,2.45,58,3.23,58,2.27,58,2.29,57,2.05,58,2.13,57,1.96,0.01
D,315,Andersen,4.0,4.0,Luton,55,1.05,0,0.00,27,0.49,27,0.79,27,0.84,26,0.91,28,1.17,29,0.68,30,0.85,30,0.62,31,0.60,30,0.46,0.01
D,316,Bell,4.0,4.0,Luton,37,0.76,0,0.00,31,0.56,34,0.99,35,1.11,33,1.16,35,1.49,34,0.79,36,1.01,36,0.72,35,0.67,35,0.52,0.17
M,317,Berry,5.0,5.0,Luton,2,0.14,0,0.00,6,0.27,7,0.33,6,0.38,7,0.36,7,0.49,9,0.40,9,0.42,9,0.39,8,0.37,9,0.38,0.00
D,318,Burke,4.0,4.0,Luton,10,0.24,0,0.00,26,0.56,24,0.78,26,0.92,28,1.04,29,1.34,29,0.77,28,0.88,31,0.72,29,0.65,28,0.53,0.00
M,319,Campbell,5.0,5.0,Luton,47,1.42,0,0.00,49,1.39,50,1.59,49,1.83,48,1.59,48,2.13,47,1.44,47,1.48,49,1.41,49,1.42,47,1.32,0.00
M,320,Clark,5.0,5.0,Luton,73,2.30,0,0.00,69,2.06,69,2.44,69,2.85,67,2.46,68,3.28,66,2.18,65,2.22,66,2.04,67,2.08,66,1.95,0.00
D,321,Doughty,4.5,4.5,Luton,70,2.00,0,0.00,64,1.55,64,2.60,64,2.84,61,2.92,61,3.47,60,1.96,60,2.30,60,1.66,59,1.63,58,1.28,0.00
M,322,Freeman,5.0,5.0,Luton,12,0.55,0,0.00,15,0.65,16,0.77,16,0.92,18,0.86,17,1.12,18,0.85,18,0.84,18,0.80,18,0.81,19,0.81,0.00
G,323,Macey,4.0,4.0,Luton,2,0.05,0,0.00,4,0.12,5,0.16,5,0.23,5,0.20,6,0.30,6,0.21,8,0.27,6,0.19,8,0.25,7,0.22,0.01
F,324,McAtee,4.5,4.5,Luton,4,0.28,0,0.00,5,0.31,4,0.30,6,0.44,6,0.36,7,0.55,7,0.38,6,0.38,6,0.35,7,0.38,6,0.35,0.04
M,325,Mendes,4.5,4.5,Luton,0,0.00,0,0.00,0,0.00,0,0.00,0,0.00,0,0.00,0,0.00,0,0.00,0,0.00,0,0.00,0,0.00,0,0.00,0.00
F,326,Morris,5.5,5.5,Luton,77,2.83,0,0.00,71,2.43,70,2.96,70,3.43,69,2.93,69,3.84,69,2.66,69,2.70,70,2.44,68,2.48,66,2.25,0.02
F,327,Muskwe,4.5,4.5,Luton,0,0.00,0,0.00,1,0.08,1,0.11,2,0.20,2,0.17,2,0.24,3,0.20,3,0.22,3,0.19,3,0.19,3,0.21,0.00
F,328,Ogbene,5.0,5.0,Luton,42,1.48,0,0.00,45,1.48,47,1.78,47,2.09,48,1.79,49,2.45,48,1.71,49,1.74,47,1.55,49,1.65,49,1.56,0.00
M,329,Onyedinma,5.0,5.0,Luton,0,0.00,0,0.00,0,0.00,0,0.00,0,0.00,0,0.00,0,0.00,0,0.00,0,0.00,0,0.00,0,0.00,0,0.00,0.00
D,330,Osho,4.5,4.5,Luton,27,0.55,0,0.00,74,1.25,78,2.24,78,2.42,77,2.71,75,3.16,75,1.72,74,2.06,74,1.46,74,1.36,75,1.06,0.00
F,331,Pepple,4.5,4.5,Luton,0,0.00,0,0.00,0,0.00,0,0.00,0,0.00,0,0.00,0,0.00,0,0.00,0,0.00,0,0.00,0,0.00,0,0.00,0.00
M,332,Pereira,4.5,4.5,Luton,0,0.00,0,0.00,0,0.00,0,0.00,0,0.00,0,0.00,0,0.00,0,0.00,0,0.00,0,0.00,0,0.00,0,0.00,0.00
D,333,Potts,4.0,4.0,Luton,21,0.57,0,0.00,11,0.28,12,0.42,13,0.50,15,0.60,15,0.73,17,0.49,17,0.55,17,0.45,17,0.43,18,0.39,0.00
M,334,Rea,4.5,4.5,Luton,0,0.00,0,0.00,1,0.04,2,0.07,2,0.07,2,0.07,2,0.12,3,0.09,2,0.08,2,0.08,2,0.07,2,0.07,0.00
G,335,Shea,4.5,4.5,Luton,93,3.11,0,0.00,91,2.98,90,3.25,90,3.77,90,3.48,89,4.54,88,2.99,87,3.11,89,2.96,87,2.88,88,2.87,0.00
F,336,Taylor,4.5,4.5,Luton,0,0.00,0,0.00,0,0.00,0,0.00,0,0.00,0,0.00,0,0.00,0,0.00,0,0.00,0,0.00,0,0.00,0,0.00,0.01
M,337,Thorpe,4.5,4.5,Luton,0,0.00,0,0.00,0,0.00,0,0.00,0,0.00,0,0.00,0,0.00,0,0.00,0,0.00,0,0.00,0,0.00,0,0.00,0.00
G,338,Walton,4.0,4.0,Luton,0,0.00,0,0.00,0,0.00,0,0.00,0,0.00,0,0.00,0,0.00,0,0.00,0,0.00,0,0.00,0,0.00,0,0.00,0.00
M,339,Watson,4.5,4.5,Luton,0,0.00,0,0.00,0,0.00,0,0.00,0,0.00,0,0.00,0,0.00,0,0.00,0,0.00,0,0.00,0,0.00,0,0.00,0.01
F,340,Woodrow,4.5,4.5,Luton,8,0.44,0,0.00,11,0.54,12,0.68,13,0.83,13,0.72,15,1.05,14,0.73,14,0.71,15,0.74,15,0.75,16,0.75,0.01
D,341,Akanji,5.0,5.0,Man City,51,2.48,51,2.22,57,3.01,56,2.92,55,2.38,55,2.99,55,2.70,56,1.82,55,2.54,56,1.93,55,2.97,54,1.99,0.04
D,342,Aké,5.0,5.0,Man City,68,3.44,66,2.97,66,3.62,63,3.35,62,2.77,63,3.51,62,3.13,61,2.06,62,2.99,62,2.23,62,3.46,60,2.33,0.08
F,343,J.Alvarez,6.5,6.5,Man City,55,3.36,53,3.21,54,3.56,53,4.07,52,3.15,52,3.85,55,3.31,53,2.78,54,3.54,52,2.80,53,3.94,50,2.76,0.03
M,344,Bernardo,6.5,6.5,Man City,67,3.44,62,3.10,56,3.10,49,3.04,48,2.35,47,2.81,44,2.26,45,1.93,45,2.42,45,1.99,44,2.66,44,1.96,0.04
M,345,Bobb,4.5,4.5,Man City,2,0.12,2,0.15,3,0.18,4,0.25,4,0.24,5,0.31,4,0.22,4,0.22,3,0.21,5,0.25,5,0.30,4,0.23,0.00
D,346,Cancelo,6.0,6.0,Man City,7,0.36,7,0.35,6,0.33,5,0.29,4,0.22,2,0.13,2,0.09,2,0.08,2,0.13,2,0.11,2,0.14,2,0.10,0.06
G,347,Carson,4.0,4.0,Man City,0,0.00,0,0.00,0,0.00,0,0.00,0,0.00,0,0.00,0,0.00,0,0.00,0,0.00,0,0.00,0,0.00,0,0.00,0.00
M,348,Charles,4.5,4.5,Man City,0,0.00,0,0.00,0,0.00,0,0.00,0,0.00,0,0.00,0,0.00,0,0.00,0,0.00,0,0.00,0,0.00,0,0.00,0.00
M,349,De Bruyne,10.5,10.5,Man City,60,4.47,62,4.46,65,5.24,67,6.27,69,4.94,67,6.02,66,4.79,69,4.09,67,5.32,67,4.09,66,5.89,68,4.24,0.10
D,350,Rúben,5.5,5.5,Man City,81,3.97,78,3.40,76,4.00,74,3.86,74,3.20,73,4.01,74,3.64,73,2.35,72,3.36,71,2.45,69,3.77,72,2.66,0.07
M,351,Doyle,4.5,4.5,Man City,0,0.00,0,0.00,0,0.00,0,0.00,1,0.11,2,0.15,1,0.12,2,0.13,2,0.14,2,0.13,2,0.19,2,0.17,0.00
G,352,Ederson M.,5.5,5.5,Man City,94,4.20,93,3.85,93,4.33,92,4.16,91,3.74,91,4.29,91,4.07,91,3.33,90,3.85,90,3.36,90,4.23,91,3.52,0.14
M,353,Foden,7.5,7.5,Man City,59,3.66,57,3.51,57,3.87,56,4.26,55,3.35,54,4.03,54,3.35,54,2.85,53,3.55,53,2.90,53,3.98,53,2.95,0.14
M,354,Grealish,7.5,7.5,Man City,77,4.45,73,4.10,72,4.47,70,4.88,70,3.92,68,4.66,68,3.88,68,3.15,69,4.24,67,3.26,69,4.73,69,3.42,0.07
F,355,Haaland,14.0,14.0,Man City,84,6.30,81,6.01,79,6.55,77,7.64,78,5.80,76,7.26,77,5.68,75,4.71,76,6.38,76,4.86,73,6.97,75,4.88,0.86
M,356,Kovačić,5.0,5.0,Man City,43,1.97,44,1.92,41,1.98,42,2.17,42,1.83,40,2.06,40,1.78,40,1.57,40,1.86,41,1.62,42,2.15,39,1.57,0.01
D,357,Laporte,5.0,5.0,Man City,43,2.13,38,1.68,33,1.81,30,1.62,26,1.16,23,1.32,25,1.27,24,0.84,23,1.14,24,0.86,24,1.37,25,0.96,0.01
D,358,R.Lewis,4.5,4.5,Man City,20,1.03,24,1.12,26,1.41,28,1.55,30,1.41,31,1.75,31,1.58,32,1.16,33,1.66,30,1.15,32,1.84,34,1.38,0.00
M,359,Mahrez,7.5,7.5,Man City,0,0.00,0,0.00,0,0.00,0,0.00,0,0.00,0,0.00,0,0.00,0,0.00,0,0.00,0,0.00,0,0.00,0,0.00,0.01
M,360,McAtee,4.5,4.5,Man City,3,0.30,4,0.37,5,0.44,7,0.59,5,0.42,7,0.60,7,0.51,6,0.42,8,0.61,7,0.47,8,0.61,8,0.50,0.00
G,361,Ortega Moreno,4.0,4.0,Man City,0,0.00,2,0.08,2,0.11,3,0.12,4,0.18,3,0.17,4,0.16,4,0.14,5,0.20,5,0.18,4,0.21,4,0.14,0.01
M,362,Palmer,5.0,5.0,Man City,12,0.78,15,1.01,16,1.14,17,1.37,17,1.13,18,1.43,19,1.27,18,1.05,20,1.43,19,1.13,21,1.66,21,1.21,0.00
M,363,Perrone,4.5,4.5,Man City,2,0.07,3,0.12,4,0.16,5,0.18,6,0.20,5,0.18,6,0.21,6,0.21,7,0.24,6,0.22,7,0.24,6,0.21,0.00
M,364,Phillips,5.0,5.0,Man City,12,0.43,16,0.56,17,0.64,18,0.72,19,0.67,20,0.80,20,0.74,22,0.71,20,0.76,21,0.68,20,0.78,22,0.72,0.00
M,365,Rodrigo,5.5,5.5,Man City,85,3.10,81,2.84,78,3.04,78,3.20,77,2.70,76,3.14,76,2.78,76,2.37,76,2.85,75,2.40,75,3.07,76,2.46,0.02
D,366,Sergio Gómez,4.0,4.0,Man City,6,0.30,8,0.41,10,0.60,12,0.69,12,0.61,13,0.81,15,0.82,13,0.52,15,0.83,14,0.61,15,0.91,17,0.76,0.01
G,367,Steffen,4.0,4.0,Man City,0,0.00,0,0.00,0,0.00,0,0.00,0,0.00,0,0.00,0,0.00,0,0.00,0,0.00,0,0.00,0,0.00,0,0.00,0.00
D,368,Stones,5.5,5.5,Man City,69,3.44,69,3.02,67,3.58,67,3.53,65,2.88,65,3.59,64,3.20,64,2.12,64,3.04,67,2.35,66,3.62,64,2.41,0.27
D,369,Walker,5.0,5.0,Man City,23,1.11,21,0.92,20,1.09,18,0.92,15,0.69,14,0.78,14,0.68,14,0.48,12,0.56,13,0.49,13,0.68,14,0.57,0.02
D,370,Alex Telles,4.5,4.5,Man Utd,0,0.00,0,0.00,0,0.00,0,0.00,0,0.00,0,0.00,0,0.00,0,0.00,0,0.00,0,0.00,0,0.00,0,0.00,0.00
M,371,Amad,4.5,4.5,Man Utd,8,0.53,9,0.46,8,0.57,8,0.42,9,0.57,9,0.54,10,0.64,10,0.61,9,0.59,9,0.45,11,0.67,10,0.69,0.00
M,372,Antony,7.0,7.0,Man Utd,62,3.70,63,2.96,60,3.80,59,2.58,57,3.22,58,3.10,56,3.42,57,3.33,59,3.34,58,2.54,56,3.10,58,3.86,0.02
M,373,B.Fernandes,8.5,8.5,Man Utd,85,5.88,84,4.39,84,6.25,84,3.96,81,5.25,80,4.92,80,5.75,79,5.35,80,5.33,81,3.87,80,5.18,79,6.31,0.26
D,374,B.Williams,4.0,4.0,Man Utd,0,0.00,0,0.00,1,0.06,2,0.04,2,0.06,3,0.09,3,0.10,2,0.09,3,0.12,2,0.06,2,0.08,3,0.12,0.00
D,375,Bailly,4.0,4.0,Man Utd,0,0.00,0,0.00,0,0.00,0,0.00,2,0.11,2,0.09,3,0.14,2,0.13,2,0.11,2,0.09,2,0.12,2,0.11,0.00
M,376,Casemiro,5.5,5.5,Man Utd,89,3.24,87,2.57,86,3.27,86,2.38,84,2.83,84,2.76,82,3.02,83,2.90,83,2.93,83,2.31,82,2.72,82,3.33,0.04
D,377,Dalot,5.0,5.0,Man Utd,38,2.01,40,1.30,39,2.13,42,1.14,42,1.85,40,1.85,43,2.20,41,1.96,42,2.14,40,1.16,42,1.77,41,2.47,0.02
M,378,Elanga,5.0,5.0,Nott'm Forest,16,0.76,17,0.98,17,0.81,19,0.89,20,1.11,19,0.85,23,1.20,21,1.04,20,1.20,21,0.94,21,1.10,22,1.07,0.01
M,379,Eriksen,6.0,6.0,Man Utd,21,1.41,20,1.16,22,1.56,23,1.21,23,1.48,23,1.44,24,1.64,26,1.68,25,1.58,25,1.29,25,1.57,25,1.84,0.01
D,380,Fernandez,4.0,4.0,Man Utd,0,0.00,0,0.00,0,0.00,0,0.00,0,0.00,0,0.00,0,0.00,0,0.00,0,0.00,0,0.00,0,0.00,0,0.00,0.00
M,381,Fred,5.0,5.0,Man Utd,23,1.13,27,1.14,29,1.43,27,1.09,32,1.42,35,1.51,35,1.64,34,1.52,35,1.59,35,1.31,33,1.46,36,1.80,0.00
M,382,Garnacho,5.0,5.0,Man Utd,3,0.29,4,0.29,4,0.35,3,0.24,4,0.31,4,0.35,4,0.38,3,0.28,3,0.28,4,0.27,3,0.30,4,0.36,0.02
M,383,Hannibal,4.5,4.5,Man Utd,0,0.00,0,0.00,0,0.00,0,0.00,0,0.00,0,0.00,0,0.00,0,0.00,0,0.00,0,0.00,0,0.00,0,0.00,0.00
G,384,Heaton,4.0,4.0,Man Utd,0,0.00,0,0.00,0,0.00,0,0.00,0,0.00,0,0.00,0,0.00,0,0.00,0,0.00,0,0.00,0,0.00,0,0.00,0.00
G,385,Henderson,4.5,4.5,Man Utd,1,0.06,3,0.13,3,0.14,3,0.12,4,0.15,4,0.16,5,0.20,4,0.17,4,0.20,5,0.17,4,0.18,4,0.22,0.01
D,386,Lindelof,4.5,4.5,Man Utd,8,0.35,12,0.32,16,0.73,17,0.41,18,0.66,21,0.82,21,0.90,20,0.83,20,0.90,18,0.48,20,0.71,19,0.97,0.00
D,387,Maguire,4.5,4.5,West Ham,10,0.39,15,0.44,20,0.75,21,0.73,25,0.68,27,0.71,26,1.22,28,0.93,28,0.91,28,1.00,27,0.87,27,1.25,0.00
M,388,Mainoo,4.5,4.5,Man Utd,0,0.00,0,0.00,0,0.00,0,0.00,0,0.00,0,0.00,0,0.00,0,0.00,0,0.00,0,0.00,0,0.00,0,0.00,0.00
D,389,Malacia,4.5,4.5,Man Utd,13,0.56,15,0.47,17,0.83,20,0.56,21,0.88,21,0.93,24,1.19,23,1.06,23,1.11,20,0.61,24,0.98,21,1.17,0.00
F,390,Martial,6.5,6.5,Man Utd,2,0.19,4,0.29,5,0.41,8,0.46,7,0.50,9,0.57,9,0.64,10,0.71,10,0.68,10,0.58,9,0.66,10,0.77,0.01
D,391,Martinez,5.0,5.0,Man Utd,88,4.06,85,2.37,83,3.94,82,1.90,81,3.12,80,3.30,79,3.64,79,3.36,77,3.58,78,1.95,79,2.91,79,4.27,0.06
M,392,McTominay,5.0,5.0,Man Utd,41,1.55,43,1.39,45,1.59,48,1.57,51,1.59,47,1.44,51,1.88,50,1.62,50,1.58,49,1.64,47,1.53,50,1.85,0.00
D,393,Mengi,4.0,4.0,Man Utd,0,0.00,0,0.00,0,0.00,0,0.00,0,0.00,0,0.00,0,0.00,0,0.00,0,0.00,0,0.00,0,0.00,0,0.00,0.00
M,394,Pellistri,4.5,4.5,Man Utd,1,0.09,2,0.10,2,0.14,3,0.16,2,0.15,3,0.19,2,0.14,3,0.22,3,0.19,3,0.19,3,0.17,3,0.20,0.00
D,395,R.Varane,5.0,5.0,Man Utd,86,4.00,82,2.37,78,3.72,75,1.85,74,2.88,74,3.06,75,3.44,74,3.18,75,3.47,77,2.01,75,2.80,75,4.04,0.02
M,396,Rashford,9.0,9.0,Man Utd,87,6.18,83,4.51,80,6.20,78,3.86,77,5.24,77,4.91,77,5.67,76,5.41,76,5.25,77,3.88,76,5.13,75,6.29,0.42
M,397,Sancho,7.0,7.0,Man Utd,72,4.29,68,3.23,67,4.16,63,2.76,63,3.60,60,3.30,60,3.65,61,3.60,61,3.54,60,2.67,59,3.34,61,4.06,0.02
D,398,Shaw,5.5,5.5,Man Utd,80,4.44,78,2.66,76,4.39,73,2.10,72,3.42,72,3.51,70,3.89,69,3.59,70,3.84,73,2.25,70,3.21,73,4.82,0.31
F,399,Shoretire,4.5,4.5,Man Utd,0,0.00,0,0.00,0,0.00,0,0.00,0,0.00,0,0.00,0,0.00,0,0.00,0,0.00,0,0.00,0,0.00,0,0.00,0.00
M,400,Van de Beek,5.0,5.0,Man Utd,8,0.48,10,0.52,11,0.65,12,0.54,15,0.77,14,0.74,16,0.88,17,0.92,16,0.87,17,0.80,16,0.85,15,0.92,0.00
D,401,Wan-Bissaka,4.5,4.5,Man Utd,60,2.96,57,1.77,57,2.90,55,1.43,54,2.23,55,2.40,52,2.55,56,2.51,54,2.64,55,1.54,54,2.15,54,3.06,0.02
M,402,Almirón,6.5,6.5,Newcastle,64,3.59,60,2.38,60,3.00,59,2.90,57,3.38,56,3.26,55,3.40,55,2.86,54,3.34,55,2.91,56,2.82,56,3.15,0.07
M,403,Anderson,4.5,4.5,Newcastle,1,0.12,2,0.17,4,0.27,5,0.33,5,0.36,5,0.37,6,0.43,6,0.37,6,0.42,7,0.41,7,0.42,7,0.42,0.05
D,404,Ashby,4.0,4.0,Newcastle,0,0.00,0,0.00,0,0.00,0,0.00,0,0.00,0,0.00,0,0.00,0,0.00,0,0.00,0,0.00,0,0.00,0,0.00,0.00
D,405,Botman,4.5,4.5,Newcastle,90,3.64,86,1.68,83,2.59,84,2.65,83,3.56,81,3.81,81,3.90,81,2.84,80,3.69,79,3.34,81,2.51,80,3.29,0.24
M,406,Bruno G.,6.0,6.0,Newcastle,88,2.96,85,2.21,84,2.55,81,2.46,80,2.82,80,2.84,79,2.94,80,2.51,80,2.92,79,2.56,80,2.42,78,2.61,0.04
D,407,Burn,4.5,4.5,Newcastle,85,3.51,83,1.67,79,2.55,79,2.56,75,3.32,76,3.61,74,3.66,74,2.72,75,3.57,75,3.20,72,2.34,74,3.12,0.03
G,408,Darlow,4.0,4.0,Newcastle,0,0.00,0,0.00,0,0.00,0,0.00,0,0.00,0,0.00,0,0.00,0,0.00,0,0.00,0,0.00,0,0.00,0,0.00,0.00
G,409,Dubravka,4.0,4.0,Newcastle,1,0.05,3,0.09,3,0.11,4,0.15,4,0.18,4,0.17,4,0.16,4,0.18,3,0.14,4,0.17,3,0.13,4,0.15,0.01
M,410,Fraser,5.0,5.0,Newcastle,2,0.15,4,0.24,4,0.30,4,0.29,5,0.41,5,0.41,6,0.46,7,0.45,7,0.50,6,0.44,5,0.37,6,0.46,0.00
G,411,Gillespie,4.0,4.0,Newcastle,0,0.00,0,0.00,0,0.00,0,0.00,0,0.00,0,0.00,0,0.00,0,0.00,0,0.00,0,0.00,0,0.00,0,0.00,0.00
M,412,Gordon,5.5,5.5,Newcastle,48,2.62,44,1.79,38,1.91,36,1.82,36,2.10,34,1.96,37,2.22,35,1.82,35,2.14,34,1.83,35,1.78,34,1.90,0.01
M,413,Hayden,4.5,4.5,Newcastle,0,0.00,0,0.00,0,0.00,0,0.00,1,0.05,1,0.05,0,0.00,1,0.05,1,0.06,1,0.05,1,0.05,2,0.07,0.00
M,414,Hendrick,4.5,4.5,Newcastle,0,0.00,0,0.00,0,0.00,0,0.00,0,0.00,0,0.00,0,0.00,0,0.00,0,0.00,0,0.00,1,0.06,1,0.07,0.00
F,415,Isak,7.5,7.5,Newcastle,70,4.16,68,2.79,66,3.58,64,3.43,65,4.07,63,3.82,63,4.07,63,3.49,63,4.09,64,3.50,63,3.43,64,3.76,0.12
M,416,Joelinton,6.0,6.0,Newcastle,64,2.54,63,1.87,61,2.19,61,2.15,61,2.53,62,2.60,61,2.71,61,2.25,63,2.75,61,2.31,60,2.17,61,2.40,0.01
D,417,Krafth,4.5,4.5,Newcastle,3,0.12,5,0.14,7,0.25,8,0.29,8,0.34,9,0.39,10,0.47,10,0.36,11,0.47,10,0.41,10,0.35,10,0.41,0.00
M,418,Kuol,4.5,4.5,Newcastle,0,0.00,0,0.00,0,0.00,0,0.00,0,0.00,0,0.00,0,0.00,0,0.00,0,0.00,0,0.00,0,0.00,0,0.00,0.00
D,419,Lascelles,4.0,4.0,Newcastle,6,0.24,7,0.18,10,0.31,10,0.33,12,0.50,12,0.51,14,0.61,12,0.42,14,0.59,13,0.52,14,0.45,14,0.55,0.00
D,420,J.Lewis,4.0,4.0,Newcastle,0,0.00,0,0.00,0,0.00,0,0.00,0,0.00,0,0.00,0,0.00,0,0.00,0,0.00,0,0.00,0,0.00,0,0.00,0.00
M,421,Longstaff,5.0,5.0,Newcastle,29,1.13,31,1.01,34,1.23,35,1.25,35,1.38,36,1.43,34,1.41,34,1.24,36,1.44,35,1.30,35,1.24,36,1.36,0.00
D,422,Manquillo,4.0,4.0,Newcastle,3,0.10,4,0.10,5,0.16,6,0.21,6,0.25,7,0.30,8,0.35,7,0.25,7,0.31,7,0.29,6,0.22,7,0.29,0.00
M,423,Murphy,5.0,5.0,Newcastle,20,1.24,23,1.09,23,1.25,24,1.31,23,1.44,26,1.54,25,1.57,25,1.39,25,1.59,26,1.45,25,1.36,26,1.50,0.00
G,424,Pope,5.5,5.5,Newcastle,94,3.85,92,3.07,92,3.42,91,3.40,91,3.81,91,4.05,91,4.10,91,3.52,92,4.02,91,3.83,92,3.40,91,3.77,0.13
M,425,Ritchie,4.5,4.5,Newcastle,1,0.06,3,0.10,4,0.18,4,0.19,5,0.26,6,0.29,7,0.35,6,0.30,7,0.38,7,0.31,8,0.39,7,0.36,0.00
M,426,Saint-Maximin,6.0,6.0,Newcastle,0,0.00,0,0.00,0,0.00,0,0.00,0,0.00,0,0.00,0,0.00,0,0.00,0,0.00,0,0.00,0,0.00,0,0.00,0.01
D,427,Schär,5.0,5.0,Newcastle,91,3.77,87,1.75,85,2.78,84,2.76,81,3.65,81,3.94,80,4.05,80,2.92,78,3.81,79,3.44,79,2.59,78,3.32,0.05
D,428,Targett,4.5,4.5,Newcastle,12,0.53,16,0.45,19,0.71,20,0.74,23,1.10,24,1.19,24,1.26,25,1.02,25,1.27,26,1.19,25,0.93,25,1.16,0.00
M,429,Tonali,5.5,5.5,Newcastle,79,2.81,75,2.09,74,2.41,73,2.37,71,2.67,72,2.72,71,2.85,71,2.40,71,2.79,71,2.49,70,2.31,68,2.48,0.02
D,430,Trippier,6.5,6.5,Newcastle,89,4.85,87,2.25,85,3.63,82,3.50,83,4.85,82,5.04,79,5.18,81,3.86,79,4.99,81,4.41,81,3.43,80,4.38,0.35
D,431,Watts,4.0,4.0,Newcastle,0,0.00,0,0.00,0,0.00,0,0.00,0,0.00,0,0.00,0,0.00,0,0.00,0,0.00,0,0.00,0,0.00,0,0.00,0.01
M,432,Willock,5.5,5.5,Newcastle,28,1.42,28,1.13,31,1.42,31,1.42,32,1.61,31,1.59,33,1.71,34,1.53,31,1.64,33,1.55,33,1.48,33,1.58,0.01
F,433,Wilson,8.0,8.0,Newcastle,55,3.69,56,2.56,55,3.34,53,3.15,52,3.64,52,3.54,54,3.89,52,3.23,52,3.82,52,3.23,52,3.14,51,3.35,0.09
M,434,B.Aguilera,4.5,4.5,Nott'm Forest,0,0.00,0,0.00,0,0.00,0,0.00,0,0.00,0,0.00,0,0.00,0,0.00,0,0.00,0,0.00,0,0.00,0,0.00,0.00
M,435,Arter,4.5,4.5,Nott'm Forest,0,0.00,0,0.00,0,0.00,0,0.00,0,0.00,0,0.00,0,0.00,0,0.00,0,0.00,0,0.00,0,0.00,0,0.00,0.00
D,436,Aurier,4.5,4.5,Nott'm Forest,79,1.41,75,3.61,72,1.39,71,1.57,69,2.92,69,0.89,70,2.51,67,2.14,64,3.25,66,1.16,67,2.17,65,1.84,0.00
F,437,Awoniyi,6.5,6.5,Nott'm Forest,68,2.71,64,3.73,63,2.56,62,2.53,62,3.33,60,2.23,58,3.03,59,2.81,59,3.51,57,2.28,57,2.82,57,2.62,0.01
D,438,Biancone,4.0,4.0,Nott'm Forest,2,0.04,2,0.10,3,0.09,3,0.09,4,0.17,4,0.09,5,0.18,6,0.20,6,0.28,6,0.14,5,0.18,4,0.13,0.00
D,439,Boly,4.5,4.5,Nott'm Forest,49,0.91,50,2.28,47,0.92,50,1.09,49,1.97,47,0.64,48,1.65,48,1.48,46,2.20,44,0.79,45,1.41,47,1.28,0.00
M,440,Bowler,4.5,4.5,Nott'm Forest,0,0.00,0,0.00,0,0.00,0,0.00,0,0.00,0,0.00,0,0.00,0,0.00,0,0.00,0,0.00,0,0.00,0,0.00,0.00
D,441,Cook,4.5,4.5,Nott'm Forest,0,0.00,2,0.08,2,0.07,2,0.07,3,0.14,5,0.10,4,0.15,5,0.16,4,0.18,5,0.11,4,0.14,4,0.12,0.00
M,442,Danilo,5.5,5.5,Nott'm Forest,74,2.14,72,2.77,70,2.05,69,2.07,67,2.43,66,1.84,65,2.26,66,2.15,67,2.62,65,1.89,65,2.15,65,2.07,0.00
F,443,Dennis,5.0,5.0,Nott'm Forest,12,0.60,14,0.90,14,0.71,16,0.81,16,1.00,15,0.69,16,0.99,16,0.88,16,1.08,16,0.78,15,0.87,18,0.95,0.01
D,444,Dräger,4.0,4.0,Nott'm Forest,0,0.00,0,0.00,0,0.00,1,0.04,2,0.07,2,0.05,3,0.09,2,0.09,3,0.12,2,0.06,2,0.08,2,0.08,0.00
D,445,Felipe,4.5,4.5,Nott'm Forest,56,0.87,56,2.45,54,0.91,54,1.03,51,1.93,52,0.57,53,1.70,51,1.47,53,2.41,54,0.80,53,1.52,53,1.30,0.00
M,446,Freuler,5.0,5.0,Nott'm Forest,17,0.65,17,0.72,20,0.74,20,0.73,23,0.90,23,0.79,23,0.89,22,0.85,24,0.98,25,0.87,24,0.91,22,0.83,0.00
M,447,Gibbs-White,6.0,6.0,Nott'm Forest,89,3.39,85,5.17,82,3.21,82,3.24,80,4.50,82,2.75,80,4.21,80,3.76,78,4.93,77,2.92,77,3.73,77,3.45,0.04
G,448,Hennessey,4.0,4.0,Nott'm Forest,47,1.57,47,2.01,46,1.51,49,1.65,47,1.93,47,1.55,48,1.81,47,1.71,47,2.09,46,1.52,48,1.74,48,1.68,0.01
G,449,Horvath,4.5,4.5,Nott'm Forest,48,1.57,48,2.10,49,1.63,45,1.52,48,1.94,48,1.59,47,1.78,48,1.75,47,2.09,49,1.61,47,1.72,47,1.65,0.00
M,450,Johnson,6.0,6.0,Nott'm Forest,64,2.38,63,3.60,61,2.34,60,2.33,60,3.15,59,2.01,57,2.86,56,2.56,58,3.42,56,2.11,59,2.76,57,2.50,0.01
M,451,Kouyaté,5.0,5.0,Nott'm Forest,10,0.39,10,0.44,13,0.49,15,0.56,12,0.50,14,0.53,16,0.62,16,0.63,16,0.69,16,0.58,16,0.64,18,0.67,0.00
D,452,Laryea,4.5,4.5,Nott'm Forest,0,0.00,0,0.00,0,0.00,0,0.00,0,0.00,0,0.00,0,0.00,0,0.00,0,0.00,0,0.00,0,0.00,0,0.00,0.00
M,453,Mangala,5.0,5.0,Nott'm Forest,61,1.76,58,2.11,56,1.66,54,1.63,55,1.91,54,1.54,54,1.81,52,1.69,52,1.95,53,1.54,52,1.69,52,1.63,0.00
D,454,Mbe Soh,4.0,4.0,Nott'm Forest,0,0.00,0,0.00,0,0.00,0,0.00,0,0.00,0,0.00,0,0.00,0,0.00,0,0.00,0,0.00,0,0.00,0,0.00,0.00
D,455,McKenna,4.5,4.5,Nott'm Forest,37,0.68,41,1.79,42,0.78,42,0.87,43,1.63,42,0.53,41,1.34,44,1.27,44,1.99,42,0.68,44,1.29,43,1.09,0.00
M,456,Mighten,4.5,4.5,Nott'm Forest,0,0.00,0,0.00,0,0.00,0,0.00,0,0.00,0,0.00,0,0.00,0,0.00,0,0.00,0,0.00,0,0.00,0,0.00,0.00
D,457,Niakhaté,4.5,4.5,Nott'm Forest,68,1.07,64,2.73,65,1.10,62,1.20,64,2.40,64,0.70,64,2.05,62,1.76,64,2.85,63,0.94,63,1.81,61,1.52,0.00
M,458,O'Brien,5.0,5.0,Nott'm Forest,5,0.19,7,0.31,8,0.30,9,0.36,10,0.45,11,0.39,12,0.51,11,0.45,11,0.51,13,0.48,12,0.49,12,0.47,0.00
M,459,Ojeda,4.5,4.5,Nott'm Forest,0,0.00,0,0.00,0,0.00,0,0.00,0,0.00,0,0.00,0,0.00,0,0.00,0,0.00,0,0.00,0,0.00,0,0.00,0.00
D,460,Panzo,4.0,4.0,Nott'm Forest,0,0.00,0,0.00,0,0.00,0,0.00,0,0.00,1,0.03,1,0.06,2,0.06,1,0.07,1,0.03,2,0.06,1,0.05,0.00
D,461,O.Richards,4.5,4.5,Nott'm Forest,7,0.17,9,0.40,10,0.25,11,0.29,10,0.41,12,0.23,13,0.47,11,0.36,13,0.59,13,0.29,12,0.42,13,0.41,0.00
M,462,G.Scarpa,4.5,4.5,Nott'm Forest,4,0.27,6,0.40,6,0.35,7,0.38,7,0.42,9,0.42,9,0.48,10,0.49,9,0.55,10,0.45,10,0.49,10,0.50,0.00
M,463,Shelvey,5.0,5.0,Nott'm Forest,1,0.05,1,0.05,2,0.07,2,0.09,2,0.07,3,0.10,3,0.11,3,0.14,3,0.14,4,0.14,3,0.13,3,0.14,0.00
F,464,Surridge,4.5,4.5,Nott'm Forest,0,0.00,0,0.00,0,0.00,0,0.00,0,0.00,0,0.00,0,0.00,0,0.00,0,0.00,0,0.00,0,0.00,0,0.00,0.04
D,465,Toffolo,4.5,4.5,Nott'm Forest,8,0.17,10,0.45,11,0.24,13,0.33,10,0.42,13,0.22,14,0.49,14,0.45,15,0.71,14,0.30,14,0.46,14,0.41,0.00
F,466,Ui-jo,4.5,4.5,Nott'm Forest,10,0.49,11,0.74,13,0.65,14,0.72,13,0.81,13,0.58,14,0.82,15,0.80,14,0.88,17,0.80,14,0.80,16,0.83,0.01
D,467,Williams,4.5,4.5,Nott'm Forest,22,0.51,24,1.17,27,0.62,27,0.69,29,1.26,27,0.47,27,1.02,30,1.02,31,1.54,30,0.62,31,1.07,31,0.96,0.00
F,468,Wood,5.0,5.0,Nott'm Forest,5,0.31,6,0.48,6,0.37,7,0.41,8,0.54,8,0.45,7,0.50,9,0.55,8,0.60,9,0.51,10,0.59,9,0.53,0.01
D,469,Worrall,4.5,4.5,Nott'm Forest,57,0.84,55,2.32,55,0.88,53,0.97,53,1.93,52,0.52,52,1.60,54,1.48,55,2.38,55,0.77,54,1.49,54,1.28,0.00
M,470,Yates,5.0,5.0,Nott'm Forest,59,1.71,60,2.24,62,1.78,60,1.75,60,2.12,59,1.59,59,2.00,58,1.86,57,2.20,57,1.63,59,1.90,58,1.80,0.00
D,471,Ahmedhodžić,4.5,4.5,Sheffield Utd,88,3.05,86,2.49,82,1.24,79,2.90,79,1.39,77,1.82,78,1.81,77,1.98,78,1.68,79,1.04,78,2.87,78,1.54,0.01
G,472,Amissah,4.0,4.0,Sheffield Utd,0,0.00,0,0.00,0,0.00,0,0.00,0,0.00,0,0.00,0,0.00,0,0.00,0,0.00,0,0.00,0,0.00,0,0.00,0.00
D,473,Baldock,4.0,4.0,Sheffield Utd,83,3.36,75,2.55,67,1.26,66,2.79,66,1.43,64,1.80,64,1.77,64,1.96,62,1.62,64,1.08,63,2.68,64,1.54,0.08
D,474,Basham,4.0,4.0,Sheffield Utd,45,1.55,49,1.42,51,0.79,52,1.84,52,0.92,54,1.25,56,1.27,57,1.41,55,1.16,54,0.72,55,1.96,56,1.09,0.01
M,475,Berge,5.0,5.0,Sheffield Utd,88,2.88,84,2.58,82,2.18,80,2.65,79,2.18,81,2.35,81,2.34,79,2.42,79,2.29,79,2.06,78,2.57,78,2.20,0.00
D,476,Bogle,4.5,4.5,Sheffield Utd,7,0.27,15,0.54,27,0.59,29,1.23,29,0.70,32,0.94,33,0.96,32,1.03,33,0.91,31,0.61,32,1.38,33,0.86,0.00
F,477,Brewster,5.0,5.0,Sheffield Utd,25,1.43,25,1.27,26,1.14,27,1.44,27,1.20,28,1.31,27,1.29,29,1.45,28,1.33,28,1.20,30,1.54,28,1.28,0.00
M,478,Coulibaly,4.5,4.5,Sheffield Utd,4,0.15,7,0.28,13,0.47,15,0.56,15,0.55,15,0.56,16,0.59,18,0.65,18,0.64,18,0.63,18,0.67,19,0.66,0.00
G,479,Davies,4.0,4.0,Sheffield Utd,2,0.06,2,0.08,4,0.13,4,0.16,4,0.14,5,0.18,5,0.16,5,0.17,4,0.12,5,0.16,5,0.19,5,0.16,0.00
D,480,Egan,4.5,4.5,Sheffield Utd,86,2.88,82,2.29,80,1.16,81,2.85,79,1.33,77,1.75,77,1.74,77,1.89,75,1.57,75,0.96,77,2.74,77,1.47,0.00
M,481,Fleck,5.0,5.0,Sheffield Utd,25,1.06,33,1.29,33,1.18,35,1.43,37,1.28,35,1.28,34,1.25,35,1.32,34,1.26,37,1.24,40,1.55,35,1.26,0.00
G,482,Foderingham,4.5,4.5,Sheffield Utd,93,3.72,93,3.38,91,3.00,91,3.66,91,2.99,90,3.11,91,3.13,90,3.17,91,3.10,90,2.97,90,3.61,90,3.04,0.00
F,483,Jebbison,5.0,5.0,Sheffield Utd,24,1.29,24,1.19,26,1.12,26,1.37,26,1.15,28,1.27,28,1.26,29,1.39,30,1.34,29,1.19,27,1.35,29,1.27,0.00
D,484,Lowe,4.5,4.5,Sheffield Utd,57,2.09,58,1.80,56,0.99,57,2.17,56,1.10,56,1.43,52,1.34,54,1.50,55,1.31,53,0.84,51,1.99,53,1.19,0.00
F,485,McBurnie,5.5,5.5,Sheffield Utd,69,3.08,68,2.67,67,2.28,67,2.88,66,2.32,63,2.40,64,2.42,62,2.54,61,2.33,62,2.10,63,2.67,62,2.27,0.00
F,486,Ndiaye,5.5,5.5,Sheffield Utd,0,0.00,0,0.00,0,0.00,0,0.00,0,0.00,0,0.00,0,0.00,0,0.00,0,0.00,0,0.00,0,0.00,0,0.00,0.01
D,487,Norrington-Davies,4.0,4.0,Sheffield Utd,7,0.20,8,0.21,9,0.16,9,0.31,12,0.25,13,0.32,12,0.29,14,0.39,13,0.31,13,0.23,14,0.51,13,0.31,0.00
M,488,Norwood,5.0,5.0,Sheffield Utd,87,3.40,84,2.96,83,2.43,81,3.11,81,2.46,81,2.65,81,2.65,80,2.78,80,2.60,80,2.27,78,2.94,80,2.48,0.00
M,489,Osborn,5.0,5.0,Sheffield Utd,46,1.79,46,1.67,44,1.44,43,1.68,46,1.52,44,1.53,48,1.65,45,1.63,46,1.60,47,1.47,46,1.75,45,1.53,0.00
F,490,Osula,4.5,4.5,Sheffield Utd,6,0.33,8,0.39,9,0.41,9,0.46,11,0.47,10,0.46,12,0.53,13,0.62,14,0.61,13,0.54,13,0.60,14,0.59,0.00
G,491,Austin,4.0,4.0,Spurs,0,0.00,0,0.00,0,0.00,0,0.00,0,0.00,0,0.00,0,0.00,0,0.00,0,0.00,0,0.00,0,0.00,0,0.00,0.00
M,492,Bentancur,5.5,5.5,Spurs,0,0.00,0,0.00,0,0.00,0,0.00,0,0.00,0,0.00,0,0.00,0,0.00,0,0.00,0,0.00,10,0.34,32,1.06,0.00
M,493,Bissouma,5.0,5.0,Spurs,48,1.50,50,1.52,46,1.50,50,1.57,48,1.74,47,1.32,50,1.48,48,1.63,47,1.65,50,1.56,46,1.43,43,1.38,0.00
M,494,Bryan,5.0,5.0,Spurs,0,0.00,0,0.00,0,0.00,0,0.00,0,0.00,0,0.00,0,0.00,0,0.00,0,0.00,0,0.00,0,0.00,0,0.00,0.00
D,495,Davies,4.5,4.5,Spurs,65,2.27,61,1.92,60,2.33,61,2.43,54,2.80,56,1.28,53,1.59,52,2.44,52,2.29,51,1.92,53,1.84,53,2.12,0.01
D,496,Dier,4.5,4.5,Spurs,22,0.76,27,0.84,24,0.90,26,1.02,31,1.55,27,0.62,29,0.84,30,1.39,31,1.30,31,1.14,27,0.93,26,1.03,0.01
D,497,E.Royal,4.5,4.5,Spurs,45,1.74,47,1.68,47,2.02,47,2.03,47,2.64,45,1.17,46,1.52,45,2.29,45,2.19,46,1.89,46,1.77,44,1.91,0.01
G,498,Forster,4.0,4.0,Spurs,1,0.05,3,0.09,3,0.13,4,0.14,4,0.18,5,0.16,5,0.17,5,0.20,4,0.17,4,0.15,4,0.16,4,0.15,0.06
M,499,Højbjerg,5.5,5.5,Spurs,87,2.55,86,2.49,83,2.58,82,2.52,81,2.90,81,2.14,81,2.31,81,2.68,80,2.70,80,2.43,80,2.37,78,2.38,0.01
F,500,Kane,12.5,12.5,Spurs,69,3.77,57,3.27,49,2.98,46,2.71,34,2.50,27,1.27,27,1.54,27,1.76,27,2.07,28,1.68,27,1.60,27,1.58,0.12
M,501,Kulusevski,7.0,7.0,Spurs,64,2.83,61,2.74,61,2.94,61,2.85,62,3.49,62,2.39,60,2.65,59,3.05,59,3.27,60,2.78,59,2.69,56,2.63,0.02
G,502,Lloris,5.0,5.0,Spurs,0,0.00,0,0.00,0,0.00,0,0.00,0,0.00,0,0.00,0,0.00,0,0.00,0,0.00,0,0.00,0,0.00,0,0.00,0.01
M,503,Lo Celso,5.0,5.0,Spurs,33,1.47,35,1.55,35,1.63,37,1.69,38,2.00,38,1.49,39,1.65,39,1.91,40,2.06,39,1.72,38,1.70,35,1.58,0.00
M,504,Maddison,7.5,7.5,Spurs,77,4.01,74,4.04,74,4.37,71,4.13,72,5.38,71,3.31,70,3.88,70,4.68,70,5.18,69,4.11,68,3.99,66,3.85,0.13
M,505,Ndombele,4.5,4.5,Spurs,34,1.35,34,1.35,39,1.58,36,1.46,39,1.81,37,1.33,37,1.40,37,1.63,38,1.73,38,1.50,35,1.39,31,1.28,0.01
D,506,Pedro Porro,5.0,5.0,Spurs,50,2.19,47,1.92,47,2.29,47,2.28,45,2.89,47,1.42,45,1.75,46,2.67,45,2.54,45,2.12,44,1.96,46,2.31,0.04
D,507,Perišić,5.0,5.0,Spurs,26,1.36,27,1.34,29,1.71,27,1.56,29,2.17,28,1.09,31,1.46,33,2.20,30,2.04,33,1.85,31,1.63,31,1.81,0.02
D,508,Reguilón,4.5,4.5,Spurs,6,0.26,7,0.28,6,0.25,6,0.26,6,0.35,9,0.28,9,0.33,9,0.43,9,0.47,9,0.38,8,0.35,10,0.44,0.00
M,509,Richarlison,7.0,7.0,Spurs,41,2.48,49,3.00,52,3.39,54,3.39,59,4.59,62,3.08,62,3.61,62,4.29,62,4.83,61,3.81,60,3.70,59,3.66,0.03
D,510,Rodon,4.0,4.0,Spurs,4,0.15,5,0.17,6,0.24,6,0.25,7,0.34,7,0.18,8,0.26,10,0.42,8,0.33,7,0.27,10,0.33,9,0.34,0.00
D,511,Romero,4.5,4.5,Spurs,91,2.81,87,2.42,87,3.03,84,2.98,82,3.90,83,1.59,81,2.10,81,3.49,82,3.23,81,2.71,81,2.50,82,2.95,0.01
D,512,Sánchez,4.5,4.5,Spurs,10,0.32,12,0.38,13,0.46,12,0.45,14,0.68,18,0.47,17,0.52,15,0.65,16,0.66,16,0.57,16,0.56,17,0.65,0.00
M,513,Sarr,4.5,4.5,Spurs,0,0.00,0,0.00,1,0.10,2,0.12,2,0.15,2,0.15,3,0.17,2,0.16,3,0.19,3,0.18,3,0.18,2,0.13,0.01
D,514,Sessegnon,4.5,4.5,Spurs,4,0.20,8,0.39,15,0.80,17,0.92,15,1.00,16,0.62,17,0.81,17,1.03,16,0.98,17,0.88,17,0.88,15,0.81,0.00
M,515,Skipp,5.0,5.0,Spurs,17,0.57,19,0.62,21,0.71,21,0.70,23,0.82,25,0.74,24,0.76,26,0.88,26,0.89,24,0.79,23,0.74,22,0.71,0.00
M,516,Son,9.0,9.0,Spurs,83,4.50,81,4.55,81,4.87,80,4.69,78,5.76,80,3.74,79,4.29,79,5.16,79,5.76,78,4.57,79,4.52,80,4.55,0.05
D,517,Spence,4.0,4.0,Spurs,1,0.05,2,0.09,3,0.12,3,0.11,4,0.19,4,0.13,5,0.17,5,0.24,6,0.25,6,0.23,6,0.23,6,0.24,0.01
D,518,Tanganga,4.0,4.0,Spurs,3,0.11,4,0.14,6,0.21,6,0.23,7,0.30,7,0.17,8,0.24,10,0.43,9,0.35,11,0.38,9,0.32,10,0.36,0.01
D,519,Udogie,4.5,4.5,Spurs,55,2.26,51,1.94,48,2.20,47,2.19,48,2.84,47,1.31,45,1.62,42,2.27,45,2.32,43,1.91,44,1.83,45,2.09,0.01
G,520,Vicario,5.0,5.0,Spurs,89,3.39,87,3.15,85,3.39,85,3.43,83,3.79,82,2.79,82,2.92,83,3.60,82,3.35,83,3.24,83,3.13,82,3.31,0.01
G,521,Whiteman,4.0,4.0,Spurs,0,0.00,0,0.00,0,0.00,0,0.00,0,0.00,0,0.00,0,0.00,0,0.00,0,0.00,0,0.00,0,0.00,0,0.00,0.00
D,522,N.Aguerd,4.5,4.5,West Ham,91,3.11,88,2.57,85,2.11,83,3.52,81,1.60,80,1.43,80,3.77,80,2.28,79,2.02,80,3.34,81,2.33,80,3.35,0.01
F,523,Antonio,6.0,6.0,West Ham,45,2.32,43,2.13,43,2.03,43,2.35,39,1.72,41,1.78,41,2.48,42,2.06,39,1.84,40,2.31,40,1.95,40,2.37,0.02
G,524,Areola,4.0,4.0,West Ham,17,0.67,20,0.74,21,0.74,23,0.98,24,0.82,25,0.81,29,1.30,28,1.03,27,0.96,25,1.05,24,0.88,26,1.10,0.32
M,525,Benrahma,6.0,6.0,West Ham,53,2.90,53,2.71,52,2.50,52,3.00,50,2.21,51,2.19,48,3.06,47,2.34,49,2.29,49,2.92,49,2.41,48,2.94,0.01
M,526,Bowen,7.0,7.0,West Ham,88,4.30,84,3.86,83,3.55,81,4.29,80,3.06,78,2.97,78,4.69,79,3.51,78,3.24,78,4.27,79,3.48,79,4.49,0.06
M,527,Cornet,5.5,5.5,West Ham,19,1.01,20,1.03,22,1.10,21,1.21,23,1.05,24,1.08,26,1.53,26,1.27,26,1.20,27,1.50,26,1.25,24,1.41,0.00
D,528,Coufal,4.5,4.5,West Ham,70,2.54,68,2.12,66,1.77,63,2.79,64,1.38,64,1.26,63,3.06,60,1.84,60,1.65,60,2.61,59,1.81,60,2.61,0.00
M,529,Coventry,4.5,4.5,West Ham,3,0.13,4,0.17,4,0.15,3,0.13,3,0.11,3,0.10,3,0.12,4,0.15,3,0.10,2,0.10,3,0.11,3,0.10,0.00
D,530,Cresswell,4.5,4.5,West Ham,33,1.37,34,1.23,33,1.06,38,1.86,36,0.93,38,0.90,39,2.10,38,1.30,38,1.18,38,1.83,40,1.37,39,1.91,0.01
M,531,Downes,5.0,5.0,West Ham,35,1.15,29,0.96,25,0.82,20,0.74,17,0.57,16,0.53,16,0.61,17,0.58,15,0.53,16,0.61,17,0.57,18,0.68,0.00
D,532,Emerson,4.5,4.5,West Ham,62,2.48,59,2.08,60,1.82,57,2.75,56,1.39,54,1.26,54,2.87,55,1.87,55,1.69,54,2.56,52,1.78,54,2.59,0.00
G,533,Fabianski,4.5,4.5,West Ham,78,3.03,75,2.74,74,2.58,72,3.04,70,2.35,70,2.33,66,2.94,66,2.43,68,2.40,70,2.93,71,2.57,68,2.85,0.04
M,534,P.Fornals,5.0,5.0,West Ham,38,1.84,37,1.72,39,1.70,36,1.82,36,1.50,34,1.42,35,1.95,36,1.65,35,1.52,34,1.80,36,1.63,37,1.95,0.00
F,535,Ings,6.0,6.0,West Ham,48,2.52,49,2.42,46,2.15,45,2.48,46,1.97,44,1.85,44,2.65,43,2.08,44,2.01,43,2.41,45,2.13,45,2.64,0.02
D,536,Johnson,4.5,4.5,West Ham,4,0.13,7,0.24,9,0.27,10,0.41,10,0.27,11,0.27,12,0.54,13,0.42,13,0.42,15,0.63,15,0.51,13,0.56,0.00
D,537,Kehrer,4.5,4.5,West Ham,32,1.17,35,1.10,35,0.97,37,1.60,39,0.85,37,0.76,37,1.74,37,1.13,38,1.05,39,1.63,39,1.18,39,1.63,0.00
F,538,Mubama,4.5,4.5,West Ham,0,0.00,0,0.00,0,0.00,0,0.00,0,0.00,0,0.00,0,0.00,0,0.00,0,0.00,0,0.00,0,0.00,0,0.00,0.04
M,539,L.Paquetá,6.0,6.0,West Ham,82,3.51,79,3.22,77,2.96,76,3.55,73,2.59,71,2.51,70,3.72,70,2.85,70,2.68,70,3.42,71,2.85,70,3.54,0.01
M,540,Rice,5.5,5.5,Arsenal,55,1.94,54,1.73,52,1.85,53,1.62,54,1.72,53,1.68,52,1.68,54,1.50,53,1.50,50,1.85,54,1.51,52,1.82,0.06
F,541,Scamacca,6.0,6.0,West Ham,17,0.97,18,1.00,19,1.02,22,1.30,23,1.10,21,1.05,23,1.46,22,1.18,23,1.16,23,1.40,23,1.22,22,1.41,0.00
M,542,Souček,5.0,5.0,West Ham,82,2.69,76,2.44,71,2.21,68,2.47,65,1.89,63,1.84,64,2.51,60,1.95,63,1.95,63,2.32,63,2.01,64,2.39,0.01
M,543,Vlašić,4.5,4.5,West Ham,7,0.34,10,0.45,12,0.54,12,0.63,14,0.58,14,0.58,14,0.79,14,0.63,15,0.64,14,0.74,15,0.68,13,0.72,0.01
D,544,Zouma,4.5,4.5,West Ham,85,3.10,82,2.58,81,2.18,75,3.42,75,1.66,73,1.48,73,3.69,73,2.27,73,2.05,71,3.21,72,2.25,72,3.25,0.01
D,545,Aït-Nouri,4.5,4.5,Wolves,21,0.57,23,0.84,21,0.83,25,0.93,23,0.71,25,1.13,23,0.60,26,0.95,26,1.00,25,0.85,26,1.13,24,0.82,0.00
G,546,Bentley,4.0,4.0,Wolves,1,0.04,2,0.08,3,0.12,4,0.13,3,0.11,3,0.14,3,0.11,3,0.12,4,0.15,3,0.12,4,0.15,4,0.15,0.01
D,547,Bolla,4.0,4.0,Wolves,0,0.00,0,0.00,0,0.00,0,0.00,0,0.00,0,0.00,0,0.00,0,0.00,0,0.00,0,0.00,0,0.00,0,0.00,0.01
D,548,Bueno,4.5,4.5,Wolves,49,1.37,46,1.87,47,1.99,42,1.67,42,1.38,42,2.11,43,1.20,42,1.72,41,1.73,41,1.51,42,2.02,43,1.62,0.00
M,549,Chiquinho,4.5,4.5,Wolves,0,0.00,0,0.00,0,0.00,0,0.00,0,0.00,0,0.00,0,0.00,0,0.00,0,0.00,0,0.00,0,0.00,0,0.00,0.00
M,550,Cundle,4.5,4.5,Wolves,5,0.28,7,0.38,9,0.44,9,0.44,9,0.43,12,0.55,10,0.45,12,0.52,10,0.48,10,0.47,10,0.48,12,0.55,0.00
D,551,Dawson,4.5,4.5,Wolves,91,1.71,89,2.69,87,2.83,87,2.65,86,1.97,85,3.47,85,1.56,86,2.63,85,2.74,86,2.31,86,3.30,85,2.33,0.00
F,552,Fábio Silva,5.5,5.5,Wolves,10,0.44,11,0.56,13,0.65,13,0.63,13,0.60,14,0.74,16,0.67,16,0.78,16,0.77,16,0.74,15,0.78,17,0.81,0.00
D,553,Giles,4.5,4.5,Luton,69,1.71,0,0.00,65,1.37,60,2.12,60,2.32,63,2.65,61,3.04,62,1.76,60,2.04,59,1.45,59,1.40,61,1.13,0.00
M,554,Guedes,5.5,5.5,Wolves,35,1.65,35,1.90,35,1.80,35,1.78,37,1.78,36,2.05,38,1.67,37,1.90,35,1.84,35,1.73,37,2.06,35,1.80,0.00
M,555,Hodge,4.5,4.5,Wolves,0,0.00,0,0.00,0,0.00,0,0.00,0,0.00,0,0.00,0,0.00,0,0.00,0,0.00,1,0.04,0,0.00,0,0.00,0.00
D,556,Hoever,4.0,4.0,Wolves,0,0.00,0,0.00,0,0.00,0,0.00,0,0.00,0,0.00,0,0.00,0,0.00,0,0.00,0,0.00,0,0.00,0,0.00,0.01
M,557,Hee Chan,5.5,5.5,Wolves,35,1.61,38,1.97,38,1.90,39,1.93,38,1.80,39,2.13,40,1.69,39,1.96,40,2.00,39,1.87,40,2.10,40,1.95,0.00
F,558,Raúl,5.5,5.5,Fulham,27,1.37,26,1.45,21,0.97,21,0.87,17,1.12,15,0.78,14,0.73,15,0.94,15,0.74,16,0.80,15,0.80,16,0.80,0.01
M,559,João Gomes,5.0,5.0,Wolves,71,1.84,69,1.97,67,1.92,68,1.93,68,1.81,66,2.03,66,1.69,65,1.86,66,1.89,66,1.80,66,1.96,67,1.84,0.00
D,560,J.Otto,4.5,4.5,Wolves,8,0.22,11,0.38,13,0.47,15,0.55,16,0.49,17,0.73,15,0.40,18,0.66,15,0.56,17,0.55,15,0.65,17,0.57,0.00
M,561,Jordão,4.5,4.5,Wolves,1,0.05,2,0.08,3,0.14,4,0.15,4,0.15,4,0.19,4,0.16,5,0.21,5,0.20,5,0.20,5,0.24,5,0.20,0.00
F,562,Kalajdžić,5.0,5.0,Wolves,27,1.28,28,1.51,30,1.51,30,1.49,33,1.54,32,1.70,33,1.43,31,1.60,32,1.63,32,1.52,30,1.60,33,1.63,0.00
D,563,Kilman,4.5,4.5,Wolves,91,1.72,88,2.65,85,2.78,83,2.56,82,1.91,82,3.33,81,1.52,80,2.47,80,2.59,80,2.17,80,3.07,80,2.21,0.01
G,564,King,4.0,4.0,Wolves,0,0.00,0,0.00,0,0.00,0,0.00,0,0.00,0,0.00,0,0.00,0,0.00,0,0.00,0,0.00,0,0.00,0,0.00,0.00
M,565,Lemina,5.0,5.0,Wolves,75,1.99,73,2.14,69,2.07,68,2.02,69,1.91,69,2.18,67,1.79,67,1.98,66,1.97,66,1.88,66,2.05,67,1.92,0.00
M,566,Matheus N.,5.0,5.0,Wolves,82,2.35,80,2.57,78,2.49,76,2.41,73,2.22,73,2.54,73,2.07,72,2.35,72,2.36,72,2.23,74,2.50,73,2.29,0.00
M,567,Neto,5.5,5.5,Wolves,59,2.25,55,2.46,54,2.33,55,2.37,53,2.18,52,2.45,51,1.93,50,2.23,52,2.31,52,2.17,51,2.38,51,2.21,0.00
M,568,Podence,5.5,5.5,Wolves,28,1.27,32,1.58,31,1.49,30,1.46,31,1.44,33,1.71,34,1.41,32,1.57,33,1.60,33,1.53,34,1.69,32,1.52,0.00
G,569,José Sá,5.0,5.0,Wolves,94,3.13,93,3.45,92,3.53,91,3.40,92,3.14,91,3.87,91,3.05,91,3.44,91,3.50,91,3.25,91,3.78,90,3.26,0.01
M,570,Sarabia,5.0,5.0,Wolves,51,2.19,50,2.57,49,2.40,51,2.46,50,2.26,49,2.65,49,2.01,50,2.48,51,2.53,50,2.32,50,2.59,49,2.39,0.00
G,571,Šarkić,4.0,4.0,Wolves,0,0.00,0,0.00,0,0.00,0,0.00,0,0.00,0,0.00,0,0.00,0,0.00,0,0.00,0,0.00,0,0.00,0,0.00,0.02
D,572,N.Semedo,4.5,4.5,Wolves,87,1.72,85,2.67,81,2.75,78,2.52,77,1.90,76,3.24,75,1.49,75,2.46,76,2.58,77,2.19,76,3.04,75,2.19,0.00
D,573,Toti,4.5,4.5,Wolves,16,0.36,21,0.67,24,0.86,27,0.90,29,0.76,27,1.17,30,0.66,28,0.94,29,1.01,29,0.87,30,1.23,29,0.91,0.00
M,574,Boubacar Traore,4.5,4.5,Wolves,15,0.48,20,0.68,22,0.74,22,0.73,25,0.78,25,0.85,23,0.70,26,0.84,25,0.81,24,0.77,25,0.84,24,0.79,0.01
D,575,Lockyer,4.5,4.5,Luton,88,1.73,0,0.00,79,1.33,77,2.23,77,2.42,76,2.70,76,3.18,75,1.73,75,2.10,72,1.43,74,1.37,75,1.07,0.00
D,576,Robinson,4.5,4.5,Sheffield Utd,66,2.33,66,1.95,65,1.03,67,2.44,65,1.19,67,1.62,64,1.53,64,1.66,67,1.48,67,0.93,65,2.41,65,1.33,0.00
D,577,Ogbonna,4.5,4.5,West Ham,9,0.31,11,0.35,11,0.30,14,0.56,14,0.32,14,0.30,15,0.65,13,0.39,14,0.39,14,0.57,14,0.41,14,0.56,0.00
M,578,Nelson,5.0,5.0,Arsenal,9,0.69,7,0.53,6,0.56,8,0.56,7,0.53,9,0.64,10,0.67,9,0.52,9,0.57,9,0.69,8,0.51,10,0.70,0.00
G,579,Lonergan,4.0,4.0,Everton,0,0.00,0,0.00,0,0.00,0,0.00,0,0.00,0,0.00,0,0.00,0,0.00,0,0.00,0,0.00,0,0.00,0,0.00,0.00
G,580,Karius,4.0,4.0,Newcastle,0,0.00,0,0.00,0,0.00,0,0.00,0,0.00,0,0.00,0,0.00,0,0.00,0,0.00,0,0.00,0,0.00,0,0.00,0.00
D,581,Dummett,4.0,4.0,Newcastle,0,0.00,1,0.03,3,0.10,4,0.12,4,0.14,5,0.19,4,0.16,4,0.15,5,0.20,5,0.18,4,0.14,5,0.20,0.00
M,582,Mpanzu,5.0,5.0,Luton,64,1.76,0,0.00,64,1.68,62,1.83,61,2.13,60,1.86,59,2.43,58,1.65,61,1.75,59,1.58,60,1.61,61,1.58,0.00
M,583,Solomon,5.5,5.5,Spurs,13,0.80,18,1.09,19,1.25,21,1.34,25,1.79,25,1.30,24,1.45,26,1.75,25,1.78,25,1.55,27,1.63,26,1.57,0.00
D,584,Pau,4.5,4.5,Aston Villa,52,1.26,61,2.71,71,2.69,74,1.54,73,3.13,74,1.89,73,2.58,73,2.77,73,2.81,75,3.84,72,2.73,71,2.94,0.04
D,585,J.Timber,5.0,5.0,Arsenal,59,2.92,48,1.99,42,1.97,43,1.55,45,1.96,46,1.76,47,2.01,47,1.34,48,1.50,49,2.65,46,1.40,46,2.29,0.03
M,586,Chong,5.0,5.0,Luton,17,0.79,0,0.00,19,0.85,21,1.05,20,1.18,20,1.01,21,1.40,21,1.00,20,0.98,22,0.96,21,0.94,21,0.92,0.00
M,587,Slimane,5.0,5.0,Sheffield Utd,72,2.36,66,2.06,63,1.77,64,2.12,60,1.73,60,1.82,60,1.81,61,1.89,60,1.80,58,1.61,57,1.91,58,1.72,0.00
D,588,Young,4.5,4.5,Everton,60,2.57,60,1.71,56,2.60,58,2.53,54,1.50,58,1.82,55,2.95,54,2.45,52,1.07,53,1.66,53,1.86,54,1.91,0.01
M,589,Ângelo,5.0,5.0,Chelsea,0,0.00,0,0.00,0,0.00,0,0.00,0,0.00,0,0.00,0,0.00,0,0.00,0,0.00,0,0.00,0,0.00,0,0.00,0.00
F,590,Cunha,5.5,5.5,Wolves,77,2.83,72,3.15,70,2.91,69,2.88,67,2.64,65,2.97,66,2.37,66,2.81,66,2.82,67,2.65,65,2.88,65,2.72,0.00
M,591,Willian,5.5,5.5,Fulham,79,3.55,78,3.85,75,2.76,72,2.46,74,4.26,72,3.21,71,3.10,70,3.93,72,2.81,72,2.94,71,3.01,71,2.84,0.01
D,592,Larouci,4.5,4.5,Sheffield Utd,5,0.25,5,0.22,7,0.22,7,0.31,8,0.25,8,0.30,9,0.31,8,0.31,9,0.29,9,0.26,11,0.45,9,0.29,0.00
F,593,T.Bénie,5.5,5.5,Sheffield Utd,61,2.73,61,2.43,58,2.02,57,2.49,57,2.06,57,2.17,54,2.11,52,2.18,53,2.06,54,1.88,54,2.33,53,1.99,0.00
F,594,Amdouni,5.5,5.5,Burnley,60,2.21,0,0.00,55,2.42,55,2.35,54,2.90,56,2.30,52,2.93,52,2.19,53,2.15,55,2.38,52,2.51,52,1.92,0.00
D,595,Kerkez,4.5,4.5,Bournemouth,58,2.14,42,0.88,43,1.39,41,1.29,43,1.39,42,1.16,43,1.17,44,1.59,43,1.90,46,2.01,44,0.71,44,1.35,0.00
G,596,Trafford,4.5,4.5,Burnley,14,0.45,0,0.00,18,0.69,19,0.68,19,0.89,20,0.71,21,1.06,24,0.86,22,0.76,20,0.78,23,0.93,24,0.77,0.01
G,597,Onana,5.0,5.0,Man Utd,93,4.13,92,3.31,92,4.10,91,3.17,91,3.66,91,3.81,91,3.96,91,3.79,90,4.01,90,3.20,90,3.56,90,4.36,0.21
D,598,Doherty,4.5,4.5,Wolves,17,0.52,18,0.73,23,0.96,23,0.94,26,0.88,26,1.33,28,0.80,26,1.08,28,1.19,25,0.95,26,1.25,27,1.02,0.00
M,599,Diaby,6.5,6.5,Aston Villa,75,3.10,72,4.13,71,3.57,71,2.90,70,4.01,70,2.97,67,3.52,68,3.36,68,3.77,68,4.29,67,3.47,66,4.01,0.05
M,600,Redmond,5.0,5.0,Burnley,26,1.15,0,0.00,29,1.42,29,1.39,28,1.69,30,1.38,28,1.80,30,1.41,29,1.35,30,1.45,31,1.64,31,1.27,0.00
M,601,Danjuma,5.5,5.5,Everton,56,3.58,53,2.54,53,3.26,53,3.12,53,2.65,52,2.67,52,3.64,53,3.40,54,2.36,50,2.62,53,3.00,54,2.87,0.01
D,602,Kaboré,4.0,4.0,Luton,84,1.76,0,0.00,78,1.39,78,2.35,77,2.54,78,2.86,76,3.33,77,1.84,76,2.21,75,1.55,76,1.46,76,1.13,0.03
M,603,Barnes,6.5,6.5,Newcastle,22,1.46,29,1.40,35,2.03,42,2.32,46,2.98,46,2.89,45,3.05,45,2.58,44,2.98,45,2.59,44,2.45,45,2.74,0.01
D,604,Aina,4.5,4.5,Nott'm Forest,71,1.34,68,3.31,67,1.34,63,1.44,66,2.83,63,0.86,60,2.18,61,1.99,60,3.01,60,1.10,59,1.96,60,1.73,0.00
M,605,Koleosho,5.0,5.0,Burnley,0,0.00,0,0.00,0,0.00,0,0.00,0,0.00,0,0.00,0,0.00,0,0.00,0,0.00,0,0.00,0,0.00,0,0.00,0.00
D,606,Igor,4.5,4.5,Brighton,36,1.71,36,1.30,38,1.39,38,1.18,40,0.90,41,1.68,42,1.14,40,1.07,39,0.64,41,1.55,39,1.40,39,1.82,0.00
G,607,Radu,4.5,4.5,Bournemouth,0,0.00,1,0.05,1,0.04,2,0.06,2,0.08,2,0.07,2,0.06,2,0.07,2,0.09,2,0.07,2,0.07,2,0.06,0.00
M,608,Bruun Larsen,5.0,5.0,Burnley,12,0.58,0,0.00,15,0.77,15,0.79,17,1.06,16,0.81,17,1.20,17,0.85,17,0.87,18,0.92,18,0.99,18,0.83,0.00
M,609,Maatsen,5.5,5.5,Chelsea,10,0.32,7,0.25,6,0.23,5,0.18,5,0.16,6,0.21,5,0.18,6,0.21,6,0.20,6,0.22,6,0.20,6,0.18,0.00
D,610,Bassey,4.5,4.5,Fulham,15,0.52,21,0.74,21,0.45,25,0.41,27,1.24,29,0.91,27,0.79,29,1.27,29,0.67,28,0.73,29,0.79,29,0.76,0.00
F,10004,Diego Moreira,99.9,99.9,Chelsea,1,0.09,0,0.00,1,0.14,2,0.14,2,0.15,2,0.16,2,0.18,2,0.17,2,0.17,2,0.19,2,0.17,2,0.18,0.00
D,10010,Taylor Harwood-Bellis,99.9,99.9,Man City,1,0.07,3,0.14,4,0.20,4,0.21,6,0.25,5,0.28,6,0.27,5,0.18,6,0.29,6,0.22,7,0.34,7,0.26,0.00
F,10011,Mason Greenwood,99.9,99.9,Man Utd,0,0.00,0,0.00,0,0.00,0,0.00,0,0.00,0,0.00,0,0.00,0,0.00,0,0.00,0,0.00,0,0.00,0,0.00,0.00
M,10015,Andy Moran,99.9,99.9,Brighton,0,0.00,0,0.00,0,0.00,0,0.00,0,0.00,0,0.00,0,0.00,0,0.00,0,0.00,0,0.00,0,0.00,0,0.00,0.00
D,10019,Nathan Ferguson,99.9,99.9,Crystal Palace,4,0.16,6,0.16,8,0.23,9,0.34,10,0.26,10,0.35,11,0.23,10,0.38,10,0.23,10,0.29,11,0.35,10,0.35,0.00
D,10028,Josko Gvardiol,99.9,99.9,Man City,16,0.80,22,0.98,23,1.29,32,1.73,39,1.73,43,2.43,42,2.13,43,1.45,42,2.01,43,1.53,43,2.41,42,1.60,0.00
M,10030,James Ward-Prowse,99.9,99.9,West Ham,17,0.81,22,0.96,26,1.09,32,1.66,37,1.38,41,1.52,37,2.12,42,1.82,40,1.61,41,2.15,41,1.74,39,2.15,0.00
M,10031,Roméo Lavia,99.9,99.9,Liverpool,8,0.26,14,0.50,12,0.40,15,0.54,17,0.58,17,0.63,20,0.64,19,0.64,22,0.79,21,0.78,22,0.80,21,0.76,0.00
D,10038,Jonny Evans,99.9,99.9,Man Utd,2,0.06,3,0.07,3,0.11,5,0.12,6,0.19,5,0.17,6,0.21,5,0.17,7,0.26,7,0.17,7,0.21,7,0.30,0.00
M,10039,Yegor Yarmolyuk,99.9,99.9,Brentford,0,0.00,1,0.06,1,0.07,2,0.10,3,0.13,2,0.14,3,0.14,3,0.16,3,0.17,3,0.15,3,0.17,3,0.14,0.00
F,10040,Thomas Cannon,99.9,99.9,Everton,0,0.00,0,0.00,0,0.00,1,0.06,1,0.07,0,0.00,1,0.08,2,0.09,2,0.09,2,0.08,1,0.08,2,0.08,0.00
G,10041,Joseph Anang,99.9,99.9,West Ham,0,0.00,0,0.00,0,0.00,0,0.00,0,0.00,0,0.00,0,0.00,0,0.00,0,0.00,0,0.00,0,0.00,0,0.00,0.00
M,10044,Cesare Casadei,99.9,99.9,Chelsea,0,0.00,0,0.00,0,0.00,1,0.06,1,0.06,1,0.07,1,0.06,1,0.06,1,0.06,0,0.00,2,0.08,1,0.06,0.00
G,10045,Matej Kovar,99.9,99.9,Man Utd,0,0.00,0,0.00,0,0.00,0,0.00,0,0.00,0,0.00,0,0.00,0,0.00,0,0.00,0,0.00,0,0.00,0,0.00,0.00
M,10054,Jensen Weir,99.9,99.9,Brighton,0,0.00,0,0.00,0,0.00,0,0.00,0,0.00,0,0.00,0,0.00,0,0.00,0,0.00,0,0.00,0,0.00,0,0.00,0.00
M,10060,Lesley Ugochukwu,99.9,99.9,Chelsea,24,0.91,24,0.93,26,1.09,27,1.10,25,0.97,25,0.95,24,0.95,26,0.99,26,0.96,25,1.00,25,0.91,27,0.95,0.00
F,10061,Dusan Vlahovic,99.9,99.9,Chelsea,9,0.47,15,0.84,20,1.41,24,1.62,29,1.72,35,2.05,35,2.14,36,2.03,32,1.73,31,1.94,36,1.80,34,1.63,0.00
F,10062,Rasmus Højlund,99.9,99.9,Man Utd,22,1.58,27,1.58,31,2.29,38,1.95,38,2.44,38,2.31,40,2.68,38,2.48,37,2.36,37,1.93,40,2.52,37,2.76,0.00
F,10063,Raphinha,99.9,99.9,Man City,3,0.21,5,0.34,8,0.56,11,0.88,12,0.75,15,1.21,12,0.81,14,0.79,14,0.96,16,0.91,14,1.16,14,0.80,0.00